Datetime,EMASignal,isPivot,CHOCH_pattern_detected,fibonacci_signal,SL,TP,MinSwing,MaxSwing,LBD_detected,LBH_detected,SR_signal,isBreakOut,candlestick_signal,result,signal1,buy_signal,sell_signal,Position,fractal_high,fractal_low,fractals_high,fractals_low,buy_signal1,sell_signal1,VSignal,PriceSignal,TotSignal,SLSignal,grid_signal,ordersignal,SLSignal_heiken,EMASignal1,long_signal,martiangle_signal,Candle_direction,Prediction
2024-06-20 23:09:00-04:00,0,0,0,0,0,0,0,0,0,0,0,0,0,0,0,0,0,0,1,1,1,1,0,0,1,0,0,0.0,0,0,0,0,0,2,0,0
2024-06-18 11:49:00-04:00,0,0,0,0,0,0,0,0,0,0,0,0,0,0,0,0,0,0,0,0,0,0,0,0,1,0,0,0.0,0,0,0,0,0,1,0,1
2024-06-22 06:38:00-04:00,0,0,0,0,0,0,0,0,0,0,0,0,0,0,0,0,1,1,0,0,0,0,0,1,1,0,0,0.0,0,0,0,0,0,2,0,1
2024-06-22 20:01:00-04:00,0,0,0,0,0,0,0,0,0,0,0,0,0,0,0,0,1,1,0,0,0,0,0,1,1,0,0,0.0,0,0,0,0,0,1,0,0
2024-06-20 00:39:00-04:00,0,0,0,0,0,0,0,0,0,0,0,0,0,0,0,0,0,2,1,0,0,0,1,0,1,0,0,0.0,0,0,0,0,0,2,1,2
2024-06-20 14:13:00-04:00,0,2,0,0,0,0,0,0,0,0,0,0,0,0,0,0,1,1,1,1,1,1,0,0,1,0,0,0.0,0,0,0,0,0,2,0,0
2024-06-18 23:46:00-04:00,0,0,0,0,0,0,0,0,0,0,0,0,0,0,0,0,0,0,1,0,1,0,0,0,1,0,0,0.0,1,0,0,0,0,2,1,0
2024-06-18 22:58:00-04:00,0,0,0,0,0,0,0,0,0,0,0,0,0,0,0,0,0,0,0,0,1,0,0,0,1,0,0,0.0,0,0,0,0,0,1,1,2
2024-06-21 23:24:00-04:00,0,0,0,0,0,0,0,0,0,0,0,0,0,0,0,0,1,1,1,0,1,0,0,0,0,0,0,0.0,0,0,0,0,0,1,0,0
2024-06-23 07:51:00-04:00,0,0,0,0,0,0,0,0,0,0,0,0,0,0,0,0,0,0,0,0,0,0,0,0,1,0,0,0.0,0,0,0,0,0,1,1,0
2024-06-19 18:26:00-04:00,0,0,0,0,0,0,0,0,0,0,0,0,0,0,0,0,1,1,1,1,1,1,0,0,1,0,0,0.0,1,0,0,0,0,2,0,4
2024-06-19 18:50:00-04:00,0,0,0,0,0,0,0,0,0,0,0,0,0,0,0,0,1,1,1,1,1,1,0,1,1,0,0,0.0,0,0,0,0,0,1,1,0
2024-06-21 00:27:00-04:00,0,0,0,0,0,0,0,0,0,0,0,0,0,0,0,0,0,0,1,1,1,1,0,0,1,0,0,0.0,0,0,0,0,0,1,0,0
2024-06-22 07:13:00-04:00,0,0,0,0,0,0,0,0,0,0,0,0,0,0,0,0,1,1,0,0,0,0,0,0,1,0,0,0.0,0,0,0,0,0,2,1,0
2024-06-20 18:36:00-04:00,0,0,0,0,0,0,0,0,0,0,0,0,0,0,0,0,1,1,1,1,1,1,0,0,1,0,0,0.0,0,0,0,0,0,2,1,0
2024-06-18 20:01:00-04:00,0,0,0,0,0,0,0,0,0,0,0,0,0,0,0,0,1,1,0,0,0,0,0,0,1,0,0,0.0,0,0,0,0,0,1,0,0
2024-06-19 21:32:00-04:00,0,0,0,0,0,0,0,0,0,0,0,0,0,0,0,1,0,2,1,1,1,0,1,0,1,0,0,0.0,0,0,0,2,0,1,1,0
2024-06-23 06:34:00-04:00,0,0,0,0,0,0,0,0,0,0,0,0,0,0,0,0,1,1,0,0,0,0,0,1,1,0,0,0.0,0,0,0,0,0,2,0,2
2024-06-19 06:35:00-04:00,0,0,0,0,0,0,0,0,0,0,0,0,0,0,0,0,0,0,1,1,1,1,0,0,1,0,0,0.0,0,0,0,2,0,2,0,0
2024-06-21 09:46:00-04:00,0,0,0,0,0,0,0,0,0,0,0,0,0,0,0,0,1,1,1,1,1,1,0,1,1,0,0,0.0,0,0,0,0,0,1,0,0
2024-06-20 12:15:00-04:00,0,1,0,0,0,0,0,0,0,0,0,0,0,0,0,0,0,0,1,1,1,1,0,0,1,0,0,0.0,0,0,0,0,0,2,1,0
2024-06-18 22:16:00-04:00,0,0,0,0,0,0,0,0,0,0,0,0,0,0,0,0,0,0,1,1,1,0,0,0,1,0,0,0.0,1,0,0,0,0,1,1,0
2024-06-22 17:14:00-04:00,0,0,0,0,0,0,0,0,0,0,0,0,0,0,0,0,0,0,0,0,0,0,0,0,1,0,0,0.0,0,0,0,0,0,1,1,0
2024-06-20 14:14:00-04:00,0,0,0,0,0,0,0,0,0,0,0,0,0,0,0,0,1,1,1,1,1,1,0,0,1,0,0,0.0,0,0,0,0,0,2,1,0
2024-06-18 16:54:00-04:00,0,0,0,0,0,0,0,0,0,0,0,0,0,0,1,0,0,0,0,0,0,0,0,0,1,0,0,0.0,0,0,0,2,0,2,0,0
2024-06-22 04:03:00-04:00,0,0,0,0,0,0,0,0,0,0,0,0,0,0,0,0,0,0,0,0,0,0,0,0,1,0,0,0.0,0,0,0,0,0,1,1,0
2024-06-23 10:02:00-04:00,0,0,0,0,0,0,0,0,0,0,0,0,0,0,0,0,1,1,0,0,0,0,0,0,1,0,0,0.0,0,0,0,0,0,2,1,0
2024-06-20 04:03:00-04:00,0,0,0,0,0,0,0,0,0,0,0,0,0,0,0,0,0,0,1,1,1,1,0,0,1,0,0,0.0,0,0,0,0,0,2,0,0
2024-06-23 00:42:00-04:00,0,0,0,0,0,0,0,0,0,0,0,0,0,0,0,0,1,1,0,0,0,0,0,1,1,0,0,0.0,0,0,0,0,0,2,0,0
2024-06-20 11:49:00-04:00,0,0,0,0,0,0,0,0,0,0,0,0,0,0,0,0,1,1,1,1,1,1,0,0,1,0,0,0.0,0,0,0,0,0,2,0,0
2024-06-21 05:27:00-04:00,0,0,0,0,0,0,0,0,0,0,0,0,0,0,0,0,0,0,1,1,1,1,0,0,1,0,0,0.0,0,0,0,0,0,2,1,0
2024-06-19 03:19:00-04:00,0,0,0,0,0,0,0,0,0,0,0,0,0,0,0,0,1,1,1,1,1,1,0,0,1,0,0,0.0,0,0,0,0,0,1,1,0
2024-06-18 11:35:00-04:00,0,0,0,0,0,0,0,0,0,0,0,0,0,0,0,0,0,2,0,0,0,0,1,0,1,0,0,0.0,0,0,0,0,0,2,1,0
2024-06-22 02:05:00-04:00,0,0,0,0,0,0,0,0,0,0,0,0,0,0,0,0,0,0,0,0,0,0,0,0,1,0,0,0.0,0,0,0,2,0,2,0,0
2024-06-20 19:53:00-04:00,0,0,0,0,0,0,0,0,0,0,0,0,0,0,0,0,1,1,1,1,1,1,0,0,1,0,0,0.0,0,1,1,0,0,2,0,0
2024-06-21 01:27:00-04:00,0,0,0,0,0,0,0,0,0,0,0,0,0,0,0,0,0,0,1,1,1,1,0,0,1,0,0,0.0,0,2,1,0,0,2,0,0
2024-06-23 01:04:00-04:00,0,1,0,0,0,0,0,0,0,0,0,0,0,0,0,0,0,0,0,0,0,0,0,0,1,0,0,0.0,0,0,0,0,0,1,1,0
2024-06-20 21:12:00-04:00,0,0,0,0,0,0,0,0,0,0,0,0,0,0,0,0,0,0,1,1,1,1,0,0,1,0,0,0.0,0,1,1,0,0,2,0,0
2024-06-18 22:35:00-04:00,0,0,0,0,0,0,0,0,0,0,0,0,0,0,0,0,1,1,1,0,1,0,0,0,1,0,0,0.0,0,0,0,0,0,1,1,0
2024-06-19 02:24:00-04:00,0,0,0,0,0,0,0,0,0,0,0,0,0,0,0,1,0,2,1,1,1,1,1,0,1,0,0,0.0,0,0,0,0,0,2,1,0
2024-06-23 07:01:00-04:00,0,0,0,0,0,0,0,0,0,0,0,0,0,0,0,0,1,1,0,0,0,0,0,1,1,0,0,0.0,0,0,0,0,0,1,0,0
2024-06-22 13:29:00-04:00,0,0,0,0,0,0,0,0,0,0,0,0,0,0,0,0,1,1,0,0,0,0,0,0,0,0,0,0.0,0,1,1,0,0,1,0,0
2024-06-19 04:46:00-04:00,0,0,0,0,0,0,0,0,0,0,0,0,0,0,0,0,0,0,1,1,1,1,0,0,1,0,0,0.0,1,0,0,0,0,1,0,2
2024-06-21 18:57:00-04:00,0,0,0,0,0,0,0,0,0,0,0,0,0,0,0,0,1,1,1,1,1,1,0,0,1,0,0,0.0,0,1,1,0,0,1,0,0
2024-06-20 10:36:00-04:00,0,2,0,0,0,0,0,0,0,0,0,0,0,0,0,0,0,0,1,0,1,0,0,0,1,0,0,0.0,0,1,1,0,0,2,0,2
2024-06-22 14:15:00-04:00,0,0,0,0,0,0,0,0,0,0,0,0,0,0,0,0,1,1,0,0,0,0,0,0,1,0,0,0.0,0,0,0,0,0,2,0,0
2024-06-18 17:02:00-04:00,0,0,0,0,0,0,0,0,0,0,0,0,0,0,0,0,0,0,0,0,0,0,0,0,1,0,0,0.0,0,0,0,0,0,1,0,0
2024-06-23 07:56:00-04:00,0,0,0,0,0,0,0,0,0,0,0,0,0,0,0,0,0,2,0,0,0,0,1,0,1,0,0,0.0,0,0,0,2,0,1,0,0
2024-06-22 10:24:00-04:00,0,2,0,0,0,0,0,0,0,0,0,0,0,0,0,0,1,1,0,0,0,0,0,0,1,0,0,0.0,0,0,0,0,0,1,0,3
2024-06-20 12:23:00-04:00,0,0,0,0,0,0,0,0,0,0,0,0,0,0,0,0,0,0,1,1,1,1,0,0,1,0,0,0.0,1,0,0,0,0,1,0,1
2024-06-22 09:50:00-04:00,0,0,0,0,0,0,0,0,0,0,0,0,0,0,0,0,1,1,0,0,0,0,0,0,1,0,0,0.0,0,0,0,0,0,1,1,0
2024-06-20 04:33:00-04:00,0,0,0,0,0,0,0,0,0,0,0,0,0,0,0,0,1,1,1,1,1,1,0,1,1,0,0,0.0,0,0,0,0,0,1,0,0
2024-06-19 07:00:00-04:00,0,1,0,0,0,0,0,0,0,0,0,0,0,0,0,1,0,2,1,1,1,1,0,0,1,0,0,0.0,0,0,0,0,0,1,1,0
2024-06-21 03:52:00-04:00,0,2,0,0,0,0,0,0,0,0,0,0,0,0,0,0,1,1,1,1,1,1,0,0,1,0,0,0.0,0,0,0,0,0,2,0,0
2024-06-20 23:18:00-04:00,0,2,0,0,0,0,0,0,0,0,0,0,0,0,0,0,1,1,1,1,1,1,0,0,0,0,0,0.0,0,0,0,0,0,2,0,0
2024-06-18 23:42:00-04:00,0,0,0,0,0,0,0,0,0,0,0,0,0,0,0,0,0,0,1,0,1,0,0,0,1,0,0,0.0,1,0,0,0,0,1,0,2
2024-06-19 03:23:00-04:00,0,1,0,0,0,0,0,0,0,0,0,0,0,0,0,0,1,1,1,1,1,1,0,0,1,0,0,0.0,0,2,1,0,0,2,1,0
2024-06-23 05:06:00-04:00,0,0,0,0,0,0,0,0,0,0,0,0,0,0,0,0,0,2,0,0,0,0,1,0,1,0,0,0.0,0,0,0,0,0,2,0,0
2024-06-22 19:54:00-04:00,0,0,0,0,0,0,0,0,0,0,0,0,0,0,0,0,0,2,0,0,0,0,1,0,1,0,0,0.0,0,0,0,0,0,2,1,0
2024-06-21 08:22:00-04:00,0,0,0,0,0,0,0,0,0,0,0,0,0,0,0,0,1,1,1,1,1,1,0,0,1,0,0,0.0,0,0,0,0,0,2,1,0
2024-06-20 20:24:00-04:00,0,0,0,0,0,0,0,0,0,0,0,0,0,0,0,0,1,1,1,1,1,1,0,0,1,0,0,0.0,0,0,0,0,0,2,1,2
2024-06-18 22:12:00-04:00,0,0,0,0,0,0,0,0,0,0,0,0,0,0,0,0,0,0,1,0,1,0,0,0,1,0,0,0.0,0,0,0,2,0,2,1,0
2024-06-22 19:19:00-04:00,0,0,0,0,0,0,0,0,0,0,0,0,0,0,0,0,0,0,0,0,0,0,0,0,1,0,0,0.0,0,0,0,0,0,2,0,0
2024-06-19 08:50:00-04:00,0,0,0,0,0,0,0,0,0,0,0,0,0,0,0,0,0,0,1,1,1,1,0,0,1,0,0,0.0,0,0,0,0,0,2,0,0
2024-06-20 02:43:00-04:00,0,0,1,0,0,0,0,0,0,0,0,0,0,0,0,0,1,1,1,1,1,0,0,0,1,0,0,0.0,0,0,0,0,0,1,0,5
2024-06-20 03:20:00-04:00,0,0,0,0,0,0,0,0,0,0,0,0,0,0,0,1,0,2,1,1,1,1,1,0,1,0,0,0.0,0,0,0,2,0,2,1,0
2024-06-22 21:31:00-04:00,0,0,0,0,0,0,0,0,0,0,0,0,0,0,0,0,0,0,0,0,0,0,0,0,1,0,0,0.0,0,0,0,0,0,1,0,0
2024-06-22 10:27:00-04:00,0,1,0,0,0,0,0,0,0,0,0,0,0,0,0,0,0,0,0,0,0,0,0,0,1,0,0,0.0,0,0,0,0,0,2,1,0
2024-06-22 05:46:00-04:00,0,0,0,0,0,0,0,0,0,0,0,0,0,0,0,0,1,1,0,0,0,0,0,0,1,0,0,0.0,0,0,0,0,0,2,0,0
2024-06-20 10:48:00-04:00,0,0,0,0,0,0,0,0,0,0,0,0,0,0,0,0,0,0,1,0,1,0,0,0,1,0,0,0.0,0,0,0,0,0,2,1,0
2024-06-19 07:17:00-04:00,0,0,0,0,0,0,0,0,0,0,0,0,0,0,0,0,1,1,1,1,1,1,0,0,1,0,0,0.0,0,0,0,1,0,1,0,0
2024-06-22 12:20:00-04:00,0,0,0,0,0,0,0,0,0,0,0,0,0,0,0,0,1,1,0,0,0,0,0,1,1,0,0,0.0,0,0,0,0,0,1,1,0
2024-06-22 16:39:00-04:00,0,0,0,0,0,0,0,0,0,0,0,0,0,0,0,0,0,0,0,0,0,0,0,0,1,0,0,0.0,0,0,0,0,0,2,0,0
2024-06-21 05:49:00-04:00,0,0,0,0,0,0,0,0,0,0,0,0,0,0,0,0,1,1,1,1,1,1,0,0,1,0,0,0.0,0,0,0,0,0,1,0,0
2024-06-20 09:03:00-04:00,0,2,0,0,0,0,0,0,0,0,0,0,0,0,0,0,1,1,1,1,1,1,0,0,1,0,0,0.0,0,0,0,0,0,2,0,0
2024-06-19 14:00:00-04:00,0,0,0,0,0,0,0,0,0,0,0,0,0,0,0,0,1,1,1,1,1,1,0,1,1,0,0,0.0,0,0,0,0,0,1,0,0
2024-06-20 02:56:00-04:00,0,0,0,0,0,0,0,0,0,0,0,0,0,0,0,0,1,1,1,1,1,1,0,0,1,0,0,0.0,0,0,0,0,0,1,0,0
2024-06-21 06:42:00-04:00,0,1,0,0,0,0,0,0,0,0,0,0,0,0,0,0,0,0,1,1,1,1,0,0,1,0,0,0.0,0,0,0,0,0,2,1,0
2024-06-20 23:25:00-04:00,0,0,0,0,0,0,0,0,0,0,0,0,0,0,0,0,1,1,1,1,1,1,0,0,1,0,0,0.0,0,0,0,0,0,2,0,0
2024-06-22 17:17:00-04:00,0,0,0,0,0,0,0,0,0,0,0,0,0,0,0,0,0,0,0,0,0,0,0,0,1,0,0,0.0,0,0,0,0,0,2,0,0
2024-06-22 20:14:00-04:00,0,0,0,0,0,0,0,0,0,0,0,0,0,0,0,0,0,0,0,0,0,0,0,0,1,0,0,0.0,0,0,0,0,0,1,1,0
2024-06-22 17:43:00-04:00,0,0,0,0,0,0,0,0,1,1,0,0,0,0,0,0,1,1,0,0,0,0,0,0,1,0,0,0.0,0,0,0,0,0,2,1,0
2024-06-22 16:22:00-04:00,0,0,0,0,0,0,0,0,0,0,0,0,0,0,0,0,1,1,0,0,0,0,0,0,1,0,0,0.0,0,0,0,0,0,2,1,0
2024-06-19 14:26:00-04:00,0,0,0,0,0,0,0,0,0,0,0,0,0,0,0,0,0,2,1,1,1,1,1,0,1,0,0,0.0,0,0,0,0,0,2,0,0
2024-06-18 23:06:00-04:00,0,0,0,0,0,0,0,0,0,0,0,0,0,0,0,0,0,0,0,0,1,0,0,0,1,0,0,0.0,0,1,1,0,0,2,0,2
2024-06-23 01:13:00-04:00,0,0,0,0,0,0,0,0,0,0,0,0,0,0,0,0,0,0,0,0,0,0,0,0,1,0,0,0.0,0,0,0,0,0,2,1,0
2024-06-20 03:47:00-04:00,0,0,0,0,0,0,0,0,0,0,0,0,0,0,0,0,0,0,1,1,1,1,0,0,1,0,0,0.0,0,0,0,0,0,1,1,0
2024-06-22 01:20:00-04:00,0,0,0,0,0,0,0,0,0,0,0,0,0,0,0,0,1,1,0,0,0,0,0,0,1,0,0,0.0,0,0,0,0,0,1,0,0
2024-06-21 13:14:00-04:00,0,0,0,0,0,0,0,0,0,0,0,0,0,0,0,0,0,0,1,1,1,1,0,0,1,0,0,0.0,0,1,1,0,0,2,0,0
2024-06-22 21:25:00-04:00,0,0,0,0,0,0,0,0,0,0,0,0,0,0,0,0,1,1,0,0,0,0,0,0,1,0,0,0.0,0,0,0,0,0,1,0,0
2024-06-18 12:30:00-04:00,0,1,0,0,0,0,0,0,0,0,0,0,0,0,1,0,1,1,0,0,0,0,0,1,1,0,0,0.0,0,0,0,0,0,1,0,0
2024-06-22 17:21:00-04:00,0,0,0,0,0,0,0,0,0,0,0,0,0,0,0,0,0,0,0,0,0,0,0,0,1,0,0,0.0,0,0,0,0,0,1,0,0
2024-06-20 20:25:00-04:00,0,0,0,0,0,0,0,0,0,0,0,0,0,0,0,0,1,1,1,1,1,1,0,0,1,0,0,0.0,0,0,0,0,0,1,0,0
2024-06-20 02:33:00-04:00,0,0,0,0,0,0,0,0,0,0,0,0,0,0,0,0,1,2,1,1,1,0,1,0,1,0,0,0.0,0,2,1,0,0,1,1,0
2024-06-21 11:13:00-04:00,0,1,0,0,0,0,0,0,0,0,0,0,0,0,0,0,0,0,1,1,1,1,0,0,0,0,0,0.0,0,0,0,0,0,1,1,0
2024-06-20 00:52:00-04:00,0,0,0,0,0,0,0,0,0,0,0,0,0,0,0,0,0,0,1,1,1,0,0,0,1,0,0,0.0,0,0,0,0,0,2,1,0
2024-06-19 18:23:00-04:00,0,0,0,0,0,0,0,0,0,0,0,0,0,0,0,0,0,0,1,1,1,1,0,0,1,0,0,0.0,0,0,0,0,0,1,1,0
2024-06-20 01:45:00-04:00,0,0,0,0,0,0,0,0,0,0,0,0,0,0,0,0,0,0,1,1,1,0,0,0,1,0,0,0.0,0,0,0,2,0,2,1,0
2024-06-20 03:45:00-04:00,0,1,0,0,0,0,0,0,0,0,0,0,0,0,0,0,0,0,1,1,1,1,0,0,1,0,0,0.0,0,0,0,0,0,2,1,0
2024-06-20 02:47:00-04:00,0,0,0,0,0,0,0,0,0,0,0,0,0,0,0,0,1,1,1,1,1,1,0,0,1,0,0,0.0,0,0,0,0,0,1,0,0
2024-06-18 11:39:00-04:00,0,0,0,0,0,0,0,0,0,0,0,0,0,0,0,0,0,2,0,0,0,0,1,0,1,0,0,0.0,0,0,0,0,0,2,0,0
2024-06-19 05:08:00-04:00,0,0,0,0,0,0,0,0,0,0,0,0,0,0,0,0,0,2,1,1,1,1,1,0,1,0,0,0.0,0,0,0,2,0,2,0,0
2024-06-18 15:47:00-04:00,0,0,0,0,0,0,0,0,0,0,0,0,0,0,0,0,1,1,0,0,0,0,0,1,1,0,0,0.0,0,0,0,0,0,1,0,0
2024-06-23 01:33:00-04:00,0,0,0,0,0,0,0,0,0,0,0,0,0,0,0,0,1,1,0,0,0,0,0,1,1,0,0,0.0,0,0,0,0,0,1,0,0
2024-06-21 07:51:00-04:00,0,0,0,0,0,0,0,0,0,0,0,0,0,0,0,0,0,0,1,1,1,1,0,0,1,0,0,0.0,0,0,0,0,0,1,1,0
2024-06-18 15:06:00-04:00,0,0,0,0,0,0,0,0,0,0,0,0,0,0,0,0,1,1,0,0,0,0,0,0,1,0,0,0.0,0,0,0,0,0,2,1,0
2024-06-19 14:46:00-04:00,0,0,0,0,0,0,0,0,0,0,0,0,0,0,0,0,1,1,1,1,1,1,0,0,1,0,0,0.0,0,0,0,0,0,1,1,0
2024-06-21 20:20:00-04:00,0,0,0,0,0,0,0,0,0,0,0,0,0,0,0,0,1,1,1,1,1,1,0,0,1,0,0,0.0,0,0,0,0,0,2,0,0
2024-06-20 00:42:00-04:00,0,0,0,0,0,0,0,0,0,0,0,0,0,0,0,0,0,0,1,0,1,0,0,0,1,0,0,0.0,0,0,0,2,0,2,1,0
2024-06-21 18:28:00-04:00,0,0,0,0,0,0,0,0,0,0,0,0,0,0,0,0,1,1,1,1,1,1,0,0,1,0,0,0.0,0,0,0,0,0,2,0,0
2024-06-22 11:27:00-04:00,0,2,0,0,0,0,0,0,0,0,0,0,0,0,0,0,1,1,0,0,0,0,0,0,0,0,0,0.0,0,0,0,0,0,2,0,3
2024-06-18 20:21:00-04:00,0,0,0,0,0,0,0,0,1,1,0,0,0,0,0,0,1,1,0,0,0,0,0,1,1,0,0,0.0,0,0,0,0,0,2,0,0
2024-06-20 08:50:00-04:00,0,0,0,0,0,0,0,0,0,0,0,0,0,0,0,0,1,1,1,1,1,1,0,0,1,0,0,0.0,0,0,0,0,0,1,0,0
2024-06-21 04:56:00-04:00,0,0,0,0,0,0,0,0,0,0,0,0,0,0,0,0,1,1,1,1,1,1,0,1,1,0,0,0.0,0,0,0,0,0,2,0,0
2024-06-22 07:20:00-04:00,0,0,0,0,0,0,0,0,0,0,0,0,0,0,0,0,0,0,0,0,0,0,0,0,1,0,0,0.0,0,2,1,0,0,2,1,2
2024-06-19 15:37:00-04:00,0,0,0,0,0,0,0,0,0,0,0,0,0,0,0,0,0,2,1,1,1,0,1,0,1,0,0,0.0,1,0,0,0,0,1,1,2
2024-06-19 12:29:00-04:00,0,0,0,0,0,0,0,0,0,0,0,0,0,0,0,0,1,1,1,1,1,1,0,1,1,0,0,0.0,0,0,0,0,0,2,1,0
2024-06-18 14:42:00-04:00,0,0,0,0,0,0,0,0,0,0,0,0,0,0,0,0,0,2,0,0,0,0,1,0,1,0,0,0.0,0,0,0,0,0,1,1,0
2024-06-23 08:26:00-04:00,0,0,0,0,0,0,0,0,0,0,0,0,0,0,0,0,1,1,0,0,0,0,0,0,1,0,0,0.0,0,0,0,0,0,2,0,0
2024-06-23 00:03:00-04:00,0,0,0,0,0,0,0,0,0,0,0,0,0,0,0,0,0,0,0,0,0,0,0,0,1,0,0,0.0,0,0,0,0,0,1,1,0
2024-06-19 19:25:00-04:00,0,0,0,0,0,0,0,0,0,0,0,0,0,0,0,0,1,1,0,0,1,0,0,1,1,0,0,0.0,0,0,0,0,0,1,0,0
2024-06-22 21:27:00-04:00,0,0,0,0,0,0,0,0,0,0,0,0,0,0,0,0,0,2,0,0,0,0,1,0,1,0,0,0.0,0,0,0,0,0,1,1,0
2024-06-19 22:42:00-04:00,0,0,0,0,0,0,0,0,0,0,0,0,0,0,0,0,1,1,1,0,1,0,0,0,1,0,0,0.0,0,0,0,0,0,1,1,0
2024-06-22 12:18:00-04:00,0,0,0,0,0,0,0,0,0,0,0,0,0,0,0,0,1,1,0,0,0,0,0,1,1,0,0,0.0,0,0,0,0,0,1,0,0
2024-06-20 17:59:00-04:00,0,0,0,0,0,0,0,0,0,0,0,0,0,0,0,0,0,2,1,1,1,1,1,0,1,0,0,0.0,0,0,0,0,0,1,1,2
2024-06-21 08:18:00-04:00,0,0,0,0,0,0,0,0,0,0,0,0,0,0,0,0,1,1,1,1,1,1,0,1,1,0,0,0.0,0,0,0,0,0,2,0,0
2024-06-19 03:00:00-04:00,0,0,0,0,0,0,0,0,0,0,0,0,0,0,0,0,0,2,1,1,1,1,1,0,1,0,0,0.0,0,0,0,0,0,1,1,2
2024-06-21 15:21:00-04:00,0,0,0,0,0,0,0,0,0,0,0,0,0,0,0,0,1,1,1,1,1,1,0,0,1,0,0,0.0,0,0,0,0,0,1,1,0
2024-06-22 23:38:00-04:00,0,0,0,0,0,0,0,0,0,0,0,0,0,0,0,0,0,2,0,0,0,0,1,0,1,0,0,0.0,0,0,0,0,0,1,0,0
2024-06-19 15:15:00-04:00,0,0,0,0,0,0,0,0,0,0,0,0,0,0,0,0,1,1,1,1,1,1,0,1,1,0,0,0.0,0,0,0,1,0,2,0,0
2024-06-18 23:54:00-04:00,0,0,0,0,0,0,0,0,0,0,0,0,0,0,0,0,1,1,1,1,1,0,0,0,1,0,0,0.0,0,0,0,0,0,2,1,0
2024-06-19 17:03:00-04:00,0,2,0,0,0,0,0,0,0,0,0,0,0,0,0,0,1,1,1,0,1,0,0,0,1,0,0,0.0,0,1,1,0,0,1,0,0
2024-06-20 08:36:00-04:00,0,0,0,0,0,0,0,0,0,0,0,0,0,0,0,0,1,1,1,1,1,1,0,0,1,0,0,0.0,0,0,0,0,0,2,0,0
2024-06-18 17:01:00-04:00,0,0,0,0,0,0,0,0,0,0,0,0,0,0,0,0,0,0,0,0,0,0,0,0,1,0,0,0.0,0,0,0,0,0,2,0,0
2024-06-19 15:18:00-04:00,0,0,0,0,0,0,0,0,0,0,0,0,0,0,0,0,1,1,1,1,1,1,0,1,1,0,0,0.0,0,0,0,1,0,2,0,0
2024-06-21 05:04:00-04:00,0,0,0,0,0,0,0,0,0,0,0,0,0,0,0,0,1,1,1,1,1,1,0,0,1,0,0,0.0,0,0,0,0,0,2,1,0
2024-06-21 02:21:00-04:00,0,0,0,0,0,0,0,0,0,0,0,0,0,0,0,0,1,1,1,1,1,1,0,0,1,0,0,0.0,0,0,0,0,0,1,1,0
2024-06-23 09:32:00-04:00,0,0,0,0,0,0,0,0,0,0,0,0,0,0,0,0,1,1,0,0,0,0,0,0,1,0,0,0.0,0,0,0,0,0,1,1,0
2024-06-22 18:26:00-04:00,0,0,0,0,0,0,0,0,0,0,0,0,0,0,0,0,0,2,0,0,0,0,1,0,1,0,0,0.0,0,0,0,0,0,1,1,0
2024-06-23 10:16:00-04:00,0,0,0,0,0,0,0,0,0,0,0,0,0,0,0,0,1,1,0,0,0,0,0,1,1,0,0,0.0,0,0,0,0,0,1,1,0
2024-06-18 11:22:00-04:00,0,0,0,0,0,0,0,0,0,0,0,0,0,0,0,0,0,0,0,0,0,0,0,0,1,0,0,0.0,0,0,0,0,0,2,1,0
2024-06-23 03:37:00-04:00,0,0,0,0,0,0,0,0,0,0,0,0,0,0,0,0,1,1,0,0,0,0,0,0,1,0,0,0.0,0,0,0,0,0,1,1,0
2024-06-20 18:34:00-04:00,0,0,0,0,0,0,0,0,0,0,0,0,0,0,0,0,1,1,1,1,1,1,0,0,1,0,0,0.0,0,0,0,0,0,1,1,0
2024-06-21 04:53:00-04:00,0,0,0,0,0,0,0,0,0,0,0,0,0,0,0,0,1,1,1,1,1,1,0,1,1,0,0,0.0,0,0,0,0,0,1,1,1
2024-06-21 04:28:00-04:00,0,0,0,0,0,0,0,0,0,0,0,0,0,0,0,0,0,0,1,1,1,1,0,0,1,0,0,0.0,0,0,0,2,0,2,1,0
2024-06-20 18:29:00-04:00,0,0,0,0,0,0,0,0,0,0,0,0,0,0,0,0,1,1,1,1,1,1,0,0,1,0,0,0.0,0,0,0,0,0,1,0,0
2024-06-18 19:55:00-04:00,0,0,0,0,0,0,0,0,0,0,0,0,0,0,0,0,0,0,0,0,0,0,0,0,1,0,0,0.0,0,0,0,0,0,1,0,0
2024-06-21 18:26:00-04:00,0,1,0,0,0,0,0,0,0,0,0,0,0,0,0,0,0,0,1,1,1,1,0,0,1,0,0,0.0,0,0,0,0,0,2,1,0
2024-06-19 18:55:00-04:00,0,0,0,0,0,0,0,0,0,0,0,0,0,0,0,0,1,1,1,1,1,1,0,1,0,0,0,0.0,0,0,0,0,0,2,0,2
2024-06-21 18:53:00-04:00,0,0,0,0,0,0,0,0,0,0,0,0,0,0,0,0,0,0,1,1,1,1,0,0,1,0,0,0.0,0,1,1,0,0,1,0,0
2024-06-19 22:23:00-04:00,0,0,0,0,0,0,0,0,0,0,0,0,0,0,0,1,0,2,0,0,1,0,1,0,1,0,0,0.0,0,0,0,0,0,1,1,0
2024-06-21 13:30:00-04:00,0,0,0,0,0,0,0,0,0,0,0,0,0,0,0,0,1,1,1,0,1,0,0,0,1,0,0,0.0,0,0,0,0,0,2,0,2
2024-06-18 11:16:00-04:00,0,0,0,0,0,0,0,0,0,0,0,0,0,0,0,0,1,1,0,0,0,0,0,0,1,0,0,0.0,0,0,0,0,0,2,1,0
2024-06-21 06:30:00-04:00,0,0,0,0,0,0,0,0,0,0,0,0,0,0,0,0,1,1,1,1,1,1,0,0,1,0,0,0.0,0,0,0,0,0,2,1,0
2024-06-21 03:42:00-04:00,0,0,0,0,0,0,0,0,0,0,0,0,0,0,0,0,1,1,1,1,1,1,0,1,1,0,0,0.0,0,0,0,0,0,2,0,0
2024-06-19 05:23:00-04:00,0,0,0,0,0,0,0,0,0,0,0,0,0,0,0,0,1,1,1,1,1,1,0,0,1,0,0,0.0,0,0,0,0,0,1,1,0
2024-06-21 13:06:00-04:00,0,0,0,0,0,0,0,0,0,0,0,0,0,0,0,0,0,0,1,1,1,1,0,0,1,0,0,0.0,0,0,0,0,0,2,1,0
2024-06-20 12:50:00-04:00,0,0,0,0,0,0,0,0,0,0,0,0,0,0,0,0,0,2,1,1,1,1,1,0,1,0,0,0.0,0,0,0,2,0,1,1,2
2024-06-22 07:18:00-04:00,0,0,0,0,0,0,0,0,0,0,0,0,0,0,1,0,1,1,0,0,0,0,0,0,1,0,0,0.0,0,0,0,0,0,1,0,2
2024-06-21 12:33:00-04:00,0,0,0,0,0,0,0,0,0,0,0,0,0,0,0,0,1,1,1,1,1,1,0,0,1,0,0,0.0,0,0,0,0,0,2,0,0
2024-06-22 06:40:00-04:00,0,2,0,0,0,0,0,0,0,0,0,0,0,0,0,0,1,1,0,0,0,0,0,0,1,0,0,0.0,0,0,0,0,0,1,0,0
2024-06-19 14:38:00-04:00,0,0,0,0,0,0,0,0,0,0,0,0,0,0,0,0,1,1,1,1,1,1,0,0,1,0,0,0.0,0,0,0,0,0,2,0,0
2024-06-21 06:50:00-04:00,0,0,0,0,0,0,0,0,0,0,0,0,0,0,0,0,1,1,1,1,1,1,0,0,0,0,0,0.0,0,0,0,0,0,2,1,0
2024-06-18 13:03:00-04:00,0,1,0,0,0,0,0,0,0,0,0,0,0,0,0,0,0,2,0,0,0,0,1,0,1,0,0,0.0,0,0,0,0,0,2,0,0
2024-06-19 17:29:00-04:00,0,0,0,0,0,0,0,0,0,0,0,0,0,0,0,0,0,2,1,1,1,0,1,0,1,0,0,0.0,0,0,0,0,0,1,1,0
2024-06-21 17:00:00-04:00,0,0,0,0,0,0,0,0,0,0,0,0,0,0,0,0,1,1,1,1,1,1,0,0,1,0,0,0.0,0,0,0,0,0,2,0,0
2024-06-20 07:38:00-04:00,0,0,0,0,0,0,0,0,0,0,0,0,0,0,0,0,1,1,1,1,1,1,0,0,1,0,0,0.0,0,0,0,0,0,1,0,0
2024-06-18 19:02:00-04:00,0,0,0,0,0,0,0,0,0,0,0,0,0,0,0,0,0,2,0,0,0,0,1,0,1,0,0,0.0,0,0,0,0,0,2,0,0
2024-06-23 07:59:00-04:00,0,0,0,0,0,0,0,0,0,0,0,0,0,0,0,0,0,2,0,0,0,0,1,0,1,0,0,0.0,0,0,0,2,0,1,1,0
2024-06-18 19:07:00-04:00,0,0,0,0,0,0,0,0,0,0,0,0,0,0,0,0,0,0,0,0,0,0,0,0,1,0,0,0.0,0,0,0,0,0,1,1,0
2024-06-21 16:15:00-04:00,0,2,0,0,0,0,0,0,0,0,0,0,0,0,0,0,1,1,1,1,1,1,0,0,1,0,0,0.0,0,0,0,0,0,1,0,3
2024-06-22 17:50:00-04:00,0,0,0,0,0,0,0,0,1,1,0,0,0,0,0,0,1,1,0,0,0,0,0,0,1,0,0,0.0,0,0,0,0,0,2,1,0
2024-06-21 21:49:00-04:00,0,0,0,0,0,0,0,0,0,0,0,0,0,0,0,0,0,0,1,1,1,1,0,0,1,0,0,0.0,0,0,0,0,0,1,0,0
2024-06-23 07:06:00-04:00,0,0,0,0,0,0,0,0,0,0,0,0,0,0,0,0,1,1,0,0,0,0,0,0,1,0,0,0.0,0,0,0,0,0,1,0,0
2024-06-23 03:34:00-04:00,0,0,0,0,0,0,0,0,0,0,0,0,0,0,0,0,1,1,0,0,0,0,0,0,1,0,0,0.0,0,0,0,0,0,1,0,0
2024-06-20 22:17:00-04:00,0,0,0,0,0,0,0,0,0,0,0,0,0,0,0,0,1,1,1,1,1,1,0,0,1,0,0,0.0,0,0,0,0,0,1,1,0
2024-06-21 00:19:00-04:00,0,0,0,0,0,0,0,0,0,0,0,0,0,0,0,0,0,0,1,1,1,1,0,0,1,0,0,0.0,0,0,0,0,0,1,1,0
2024-06-18 14:16:00-04:00,0,0,0,0,0,0,0,0,0,0,0,0,0,0,0,0,0,2,0,0,0,0,1,0,1,0,0,0.0,0,0,0,2,0,1,1,0
2024-06-19 18:43:00-04:00,0,0,0,0,0,0,0,0,0,0,0,0,0,0,0,0,1,1,1,1,1,1,0,0,1,0,0,0.0,0,0,0,0,0,1,1,0
2024-06-22 01:47:00-04:00,0,0,0,0,0,0,0,0,0,0,0,0,0,0,0,0,1,1,0,0,0,0,0,0,1,0,0,0.0,0,0,0,0,0,1,0,0
2024-06-19 06:17:00-04:00,0,0,0,0,0,0,0,0,0,0,0,0,0,0,0,0,0,0,1,1,1,1,0,0,1,0,0,0.0,1,0,0,0,0,2,1,0
2024-06-19 23:32:00-04:00,0,0,0,0,0,0,0,0,0,0,0,0,0,0,0,0,0,2,0,0,0,0,1,0,1,0,0,0.0,0,0,0,0,0,2,1,2
2024-06-21 08:03:00-04:00,0,0,0,0,0,0,0,0,0,0,0,0,0,0,0,1,0,2,1,1,1,1,1,0,1,0,0,0.0,0,0,0,0,0,2,1,0
2024-06-22 07:19:00-04:00,0,0,0,0,0,0,0,0,0,0,0,0,0,0,0,0,1,1,0,0,0,0,0,0,1,0,0,0.0,0,0,0,0,0,1,1,0
2024-06-20 16:48:00-04:00,0,0,0,0,0,0,0,0,0,0,0,0,0,0,0,0,1,1,1,1,1,1,1,1,1,0,0,0.0,0,0,0,0,0,2,0,0
2024-06-20 16:11:00-04:00,0,0,0,0,0,0,0,0,2,2,0,0,0,0,0,0,0,0,1,1,1,1,0,0,1,0,0,0.0,0,0,0,0,0,1,0,0
2024-06-23 09:20:00-04:00,0,0,0,0,0,0,0,0,0,0,0,0,0,0,0,0,1,1,0,0,0,0,0,1,1,0,0,0.0,0,0,0,1,0,2,0,0
2024-06-22 12:08:00-04:00,0,0,0,0,0,0,0,0,0,0,0,0,0,0,0,0,1,1,0,0,0,0,0,0,1,0,0,0.0,0,0,0,0,0,1,0,0
2024-06-20 15:21:00-04:00,0,0,0,0,0,0,0,0,0,0,0,0,0,0,0,0,1,1,1,1,1,1,0,0,1,0,0,0.0,0,0,0,0,0,1,1,0
2024-06-22 05:18:00-04:00,0,0,0,0,0,0,0,0,0,0,0,0,0,0,0,0,1,1,0,0,0,0,0,1,1,0,0,0.0,0,0,0,0,0,2,0,0
2024-06-22 20:51:00-04:00,0,0,0,0,0,0,0,0,0,2,0,0,0,0,0,0,0,0,0,0,0,0,0,0,1,0,0,0.0,0,0,0,0,0,2,1,0
2024-06-22 10:58:00-04:00,0,0,0,0,0,0,0,0,0,0,0,0,0,0,0,0,0,0,0,0,0,0,0,0,1,0,0,0.0,0,0,0,0,0,1,0,0
2024-06-21 09:05:00-04:00,0,0,0,0,0,0,0,0,0,0,0,0,0,0,0,0,1,1,1,1,1,1,0,1,1,0,0,0.0,0,0,0,0,0,1,0,1
2024-06-20 04:35:00-04:00,0,0,0,0,0,0,0,0,0,0,0,0,0,0,0,0,1,1,1,1,1,1,0,1,1,0,0,0.0,0,0,0,0,0,1,0,0
2024-06-21 02:48:00-04:00,0,0,0,0,0,0,0,0,0,0,0,0,0,0,0,0,1,1,1,1,1,1,0,0,1,0,0,0.0,0,0,0,0,0,1,1,0
2024-06-18 22:45:00-04:00,0,0,0,0,0,0,0,0,0,0,0,0,0,0,0,0,1,1,1,0,1,0,0,1,1,0,0,0.0,0,0,0,0,0,1,1,2
2024-06-20 05:15:00-04:00,0,0,0,0,0,0,0,0,0,0,0,0,0,0,0,0,0,0,1,1,1,1,0,0,1,0,0,0.0,0,0,0,0,0,1,1,0
2024-06-22 01:14:00-04:00,0,0,0,0,0,0,0,0,0,0,0,0,0,0,0,0,1,1,0,0,0,0,0,1,1,0,0,0.0,0,0,0,0,0,2,0,0
2024-06-19 00:16:00-04:00,0,0,0,0,0,0,0,0,0,0,0,0,0,0,0,0,0,2,1,0,1,0,1,0,1,0,0,0.0,0,0,0,0,0,2,0,3
2024-06-18 17:29:00-04:00,0,0,0,0,0,0,0,0,0,0,0,0,0,0,0,0,1,1,0,0,0,0,0,0,1,0,0,0.0,0,0,0,0,0,1,0,0
2024-06-22 13:39:00-04:00,0,0,0,0,0,0,0,0,0,0,0,0,0,0,0,0,0,0,0,0,0,0,0,0,0,0,0,0.0,0,0,0,0,0,1,0,0
2024-06-20 11:15:00-04:00,0,0,0,0,0,0,0,0,0,0,0,0,0,0,0,0,1,1,1,1,1,1,0,0,1,0,0,0.0,1,1,1,0,0,2,0,0
2024-06-21 04:29:00-04:00,0,0,0,0,0,0,0,0,0,0,0,0,0,0,0,0,0,0,1,1,1,1,0,0,1,0,0,0.0,0,0,0,0,0,2,0,0
2024-06-18 15:44:00-04:00,0,0,0,0,0,0,0,0,0,0,0,0,0,0,0,0,1,1,0,0,0,0,0,0,1,0,0,0.0,0,1,1,0,0,2,1,0
2024-06-22 20:10:00-04:00,0,0,0,0,0,0,0,0,0,0,0,0,0,0,0,0,0,0,0,0,0,0,0,0,1,0,0,0.0,0,0,0,0,0,1,0,0
2024-06-22 04:51:00-04:00,0,0,0,0,0,0,0,0,0,0,0,0,0,0,0,0,0,0,0,0,0,0,0,0,1,0,0,0.0,0,0,0,0,0,1,0,0
2024-06-22 13:00:00-04:00,0,0,0,0,0,0,0,0,0,0,0,0,0,0,0,0,1,1,0,0,0,0,0,1,1,0,0,0.0,0,0,0,0,0,1,0,0
2024-06-22 07:37:00-04:00,0,0,0,0,0,0,0,0,0,0,0,0,0,0,0,1,0,2,0,0,0,0,1,0,1,0,0,0.0,0,0,0,0,0,1,1,0
2024-06-23 01:47:00-04:00,0,0,0,0,0,0,0,0,0,0,0,0,0,0,0,0,1,1,0,0,0,0,0,0,1,0,0,0.0,0,0,0,0,0,2,0,0
2024-06-23 07:10:00-04:00,0,0,0,0,0,0,0,0,0,0,0,0,0,0,0,0,1,1,0,0,0,0,0,0,1,0,0,0.0,0,0,0,0,0,2,0,0
2024-06-20 19:39:00-04:00,0,0,0,0,0,0,0,0,0,0,0,0,0,0,0,0,0,0,1,1,1,1,0,0,1,0,0,0.0,0,0,0,0,0,2,1,0
2024-06-20 20:55:00-04:00,0,0,0,0,0,0,0,0,0,0,0,0,0,0,0,0,1,1,1,1,1,1,0,1,1,0,0,0.0,0,0,0,1,0,1,0,1
2024-06-23 06:50:00-04:00,0,2,0,0,0,0,0,0,0,0,0,0,0,0,0,0,1,1,0,0,0,0,0,0,1,0,0,0.0,0,0,0,0,0,1,1,0
2024-06-19 01:09:00-04:00,0,0,0,0,0,0,0,0,0,0,0,0,0,0,0,0,1,1,1,1,1,1,0,0,1,0,0,0.0,0,0,0,0,0,1,0,0
2024-06-18 13:47:00-04:00,0,0,0,0,0,0,0,0,0,0,0,0,0,0,0,0,1,1,0,0,0,0,0,0,1,0,0,0.0,0,0,0,0,0,1,1,0
2024-06-22 08:29:00-04:00,0,0,0,0,0,0,0,0,0,0,0,0,0,0,0,0,0,0,0,0,0,0,0,0,1,0,0,0.0,0,0,0,0,0,1,1,0
2024-06-19 07:18:00-04:00,0,0,0,0,0,0,0,0,0,0,0,0,0,0,0,0,1,1,1,1,1,1,0,0,1,0,0,0.0,0,0,0,0,0,2,1,0
2024-06-20 11:46:00-04:00,0,0,0,0,0,0,0,0,0,0,0,0,0,0,0,0,0,0,1,1,1,1,0,0,0,0,0,0.0,0,0,0,0,0,2,0,0
2024-06-21 02:01:00-04:00,0,0,0,0,0,0,0,0,0,0,0,0,0,0,0,0,1,1,1,1,1,1,0,0,1,0,0,0.0,0,0,0,0,0,1,1,2
2024-06-22 04:25:00-04:00,0,0,0,0,0,0,0,0,0,0,0,0,0,0,0,0,1,1,0,0,0,0,0,0,1,0,0,0.0,0,0,0,0,0,2,1,0
2024-06-19 20:48:00-04:00,0,2,0,0,0,0,0,0,0,0,0,0,0,0,0,0,1,1,1,0,1,0,0,0,1,0,0,0.0,0,0,0,0,0,2,1,1
2024-06-18 11:42:00-04:00,0,0,0,0,0,0,0,0,0,0,0,0,0,0,0,0,0,0,0,0,0,0,0,0,1,0,0,0.0,0,0,0,0,0,2,0,0
2024-06-21 12:07:00-04:00,0,2,0,0,0,0,0,0,0,0,0,0,0,0,0,0,1,1,1,1,1,1,0,0,1,0,0,0.0,0,1,1,0,0,1,0,4
2024-06-20 06:25:00-04:00,0,0,0,0,0,0,0,0,0,0,0,0,0,0,0,0,0,0,1,1,1,1,0,0,0,0,0,0.0,0,0,0,0,0,1,1,0
2024-06-19 17:02:00-04:00,0,0,0,0,0,0,0,0,0,0,0,0,0,0,0,0,1,1,1,0,1,0,0,0,1,0,0,0.0,0,1,1,0,0,2,0,0
2024-06-20 09:24:00-04:00,0,0,0,0,0,0,0,0,0,0,0,0,0,0,0,0,1,1,1,1,1,1,0,1,1,0,0,0.0,0,0,0,1,0,1,1,0
2024-06-20 02:48:00-04:00,0,0,0,0,0,0,0,0,0,0,0,0,0,0,0,0,0,0,1,1,1,1,0,0,1,0,0,0.0,0,0,0,0,0,1,1,0
2024-06-22 19:04:00-04:00,0,0,0,0,0,0,0,0,0,0,0,0,0,0,0,0,1,1,0,0,0,0,0,0,1,0,0,0.0,0,1,1,0,0,2,0,0
2024-06-19 06:21:00-04:00,0,0,0,0,0,0,0,0,0,0,0,0,0,0,0,0,0,2,1,1,1,1,1,0,1,0,0,0.0,0,0,0,0,0,1,1,0
2024-06-23 04:42:00-04:00,0,0,0,0,0,0,0,0,0,0,0,0,0,0,0,0,1,1,0,0,0,0,0,0,1,0,0,0.0,0,2,1,0,0,1,1,2
2024-06-22 04:29:00-04:00,0,0,0,0,0,0,0,0,0,0,0,0,0,0,0,0,1,1,0,0,0,0,0,1,1,0,0,0.0,0,0,0,0,0,2,1,4
2024-06-20 23:49:00-04:00,0,0,0,0,0,0,0,0,0,0,0,0,0,0,0,0,0,0,1,1,1,1,0,0,1,0,0,0.0,0,2,1,0,0,1,1,1
2024-06-19 14:58:00-04:00,0,0,0,0,0,0,0,0,0,0,0,0,0,0,0,0,1,1,1,1,1,1,0,0,1,0,0,0.0,0,0,0,0,0,2,1,0
2024-06-19 14:50:00-04:00,0,0,0,0,0,0,0,0,0,0,0,0,0,0,0,0,0,0,1,1,1,1,0,0,1,0,0,0.0,0,0,0,0,0,1,1,0
2024-06-21 10:34:00-04:00,0,0,0,0,0,0,0,0,0,0,0,0,0,0,0,0,0,0,1,1,1,1,0,0,1,0,0,0.0,0,0,0,0,0,1,0,0
2024-06-21 14:15:00-04:00,0,0,0,0,0,0,0,0,0,0,0,0,0,0,0,0,1,1,1,1,1,1,0,0,1,0,0,0.0,0,0,0,0,0,2,1,0
2024-06-22 06:19:00-04:00,0,0,0,0,0,0,0,0,0,0,0,0,0,0,0,0,0,0,0,0,0,0,0,0,1,0,0,0.0,0,0,0,0,0,2,0,0
2024-06-22 08:19:00-04:00,0,0,0,0,0,0,0,0,0,0,0,0,0,0,0,1,0,2,0,0,0,0,1,0,1,0,0,0.0,0,0,0,0,0,1,1,0
2024-06-21 01:10:00-04:00,0,0,0,0,0,0,0,0,0,0,0,0,0,0,0,0,1,1,1,1,1,1,0,0,1,0,0,0.0,0,0,0,0,0,1,0,0
2024-06-20 22:05:00-04:00,0,1,0,0,0,0,0,0,0,0,0,0,0,0,0,1,0,2,1,1,1,1,0,0,1,0,0,0.0,0,0,0,0,0,1,1,0
2024-06-18 12:42:00-04:00,0,0,0,0,0,0,0,0,0,0,0,0,0,0,0,0,1,1,0,0,0,0,0,1,1,0,0,0.0,0,0,0,0,0,1,0,0
2024-06-20 14:29:00-04:00,0,0,0,0,0,0,0,0,0,0,0,0,0,0,0,0,0,0,1,1,1,1,0,0,1,0,0,0.0,0,0,0,0,0,2,0,0
2024-06-21 11:48:00-04:00,0,0,0,0,0,0,0,0,0,0,0,0,0,0,0,0,1,1,1,1,1,1,0,0,1,0,0,0.0,0,0,0,0,0,2,1,0
2024-06-18 23:37:00-04:00,0,0,0,0,0,0,0,0,0,0,0,0,0,0,0,0,0,0,1,0,1,0,0,0,1,0,0,0.0,1,0,0,0,0,2,1,1
2024-06-18 21:10:00-04:00,0,0,0,0,0,0,0,0,0,2,0,0,0,0,0,0,0,2,0,0,0,0,1,0,1,0,0,0.0,0,0,0,2,0,1,1,0
2024-06-23 02:43:00-04:00,0,2,0,0,0,0,0,0,0,0,0,0,0,0,0,0,1,1,0,0,0,0,0,0,1,0,0,0.0,0,0,0,0,0,1,0,5
2024-06-22 03:59:00-04:00,0,0,0,0,0,0,0,0,0,0,0,0,0,0,0,0,0,0,0,0,0,0,0,0,1,0,0,0.0,0,0,0,0,0,1,1,5
2024-06-20 22:27:00-04:00,0,1,0,0,0,0,0,0,0,0,0,0,0,0,0,0,1,1,1,1,1,1,0,0,1,0,0,0.0,0,2,1,0,0,1,1,0
2024-06-21 00:25:00-04:00,0,0,0,0,0,0,0,0,0,0,0,0,0,0,0,0,0,0,1,1,1,1,0,0,1,0,0,0.0,0,0,0,2,0,2,1,0
2024-06-21 19:49:00-04:00,0,0,0,0,0,0,0,0,0,0,0,0,0,0,0,0,0,0,1,1,1,1,0,0,1,0,0,0.0,0,0,0,0,0,2,0,0
2024-06-22 23:17:00-04:00,0,0,0,0,0,0,0,0,0,0,0,0,0,0,0,0,0,0,0,0,0,0,0,0,1,0,0,0.0,0,2,1,0,0,1,1,2
2024-06-23 07:26:00-04:00,0,0,0,0,0,0,0,0,0,0,0,0,0,0,0,0,1,1,0,0,0,0,0,0,1,0,0,0.0,0,0,0,0,0,1,1,0
2024-06-22 16:40:00-04:00,0,0,0,0,0,0,0,0,0,0,0,0,0,0,0,0,0,0,0,0,0,0,0,0,1,0,0,0.0,0,1,1,0,0,2,0,4
2024-06-21 04:26:00-04:00,0,0,0,0,0,0,0,0,0,0,0,0,0,0,0,0,0,0,1,1,1,1,0,0,1,0,0,0.0,0,0,0,2,0,2,1,0
2024-06-20 06:52:00-04:00,0,0,0,0,0,0,0,0,0,0,0,0,0,0,0,0,0,0,1,1,1,1,0,0,1,0,0,0.0,0,0,0,0,0,2,0,0
2024-06-22 07:35:00-04:00,0,0,0,0,0,0,0,0,0,0,0,0,0,0,0,0,0,2,0,0,0,0,1,0,1,0,0,0.0,0,0,0,0,0,2,1,2
2024-06-19 00:53:00-04:00,0,0,0,0,0,0,0,0,0,0,0,0,0,0,0,0,0,0,1,1,1,0,0,0,1,0,0,0.0,1,0,0,0,0,1,0,2
2024-06-21 20:12:00-04:00,0,0,0,0,0,0,0,0,0,0,0,0,0,0,0,0,1,1,1,1,1,1,0,0,1,0,0,0.0,0,0,0,0,0,1,0,0
2024-06-18 16:12:00-04:00,0,0,0,0,0,0,0,0,0,0,0,0,0,0,0,0,0,0,0,0,0,0,0,0,1,0,0,0.0,0,0,0,0,0,1,1,0
2024-06-21 13:46:00-04:00,0,0,0,0,0,0,0,0,0,0,0,0,0,0,0,1,0,2,1,0,1,0,1,0,1,0,0,0.0,0,0,0,2,0,2,1,0
2024-06-22 16:18:00-04:00,0,0,0,0,0,0,0,0,0,0,0,0,0,0,0,0,1,1,0,0,0,0,0,0,1,0,0,0.0,0,0,0,0,0,2,1,0
2024-06-20 08:11:00-04:00,0,0,0,0,0,0,0,0,0,0,0,0,0,0,0,0,1,1,1,1,1,1,0,1,1,0,0,0.0,0,0,0,0,0,2,1,0
2024-06-21 11:31:00-04:00,0,0,1,0,0,0,0,0,0,0,0,0,0,0,0,0,1,1,1,1,1,1,0,0,1,0,0,0.0,0,0,0,0,0,2,0,0
2024-06-18 12:22:00-04:00,0,0,0,0,0,0,0,0,0,0,0,0,0,0,0,0,1,1,0,0,0,0,0,1,1,0,0,0.0,0,0,0,0,0,2,0,0
2024-06-18 15:59:00-04:00,0,0,0,0,0,0,0,0,0,0,0,0,0,0,0,1,0,2,0,0,0,0,1,0,1,0,0,0.0,0,0,0,2,0,1,1,0
2024-06-20 02:09:00-04:00,0,0,0,0,0,0,0,0,0,0,0,0,0,0,0,0,0,0,1,1,1,0,0,0,1,0,0,0.0,0,0,0,0,0,2,1,5
2024-06-20 02:49:00-04:00,0,0,0,0,0,0,0,0,0,0,0,0,0,0,0,0,1,1,1,1,1,1,0,0,1,0,0,0.0,0,0,0,0,0,1,0,0
2024-06-22 10:32:00-04:00,0,0,0,0,0,0,0,0,0,0,0,0,0,0,0,0,1,1,0,0,0,0,0,0,1,0,0,0.0,0,0,0,0,0,1,0,0
2024-06-20 19:49:00-04:00,0,0,0,0,0,0,0,0,0,0,0,0,0,0,0,0,0,0,1,1,1,1,0,0,1,0,0,0.0,0,1,1,0,0,1,0,0
2024-06-18 12:31:00-04:00,0,0,0,0,0,0,0,0,0,0,0,0,0,0,0,0,1,1,0,0,0,0,0,1,1,0,0,0.0,0,0,0,0,0,2,0,0
2024-06-19 18:07:00-04:00,0,0,0,0,0,0,0,0,0,0,0,0,0,0,0,0,1,1,1,1,1,1,0,0,1,0,0,0.0,1,0,0,0,0,2,1,0
2024-06-20 09:46:00-04:00,0,0,0,0,0,0,0,0,0,0,0,0,0,0,0,1,0,2,1,1,1,1,1,0,1,0,0,0.0,0,0,0,0,0,2,1,0
2024-06-18 22:23:00-04:00,0,0,0,0,0,0,0,0,0,0,0,0,0,0,0,0,0,1,1,1,1,0,0,1,1,0,0,0.0,0,0,0,0,0,1,0,0
2024-06-22 15:51:00-04:00,0,0,0,0,0,0,0,0,0,0,0,0,0,0,0,0,0,2,0,0,0,0,1,0,1,0,0,0.0,0,0,0,0,0,2,1,0
2024-06-18 20:30:00-04:00,0,0,0,0,0,0,0,0,1,1,0,0,0,0,0,0,1,1,0,0,0,0,0,0,1,0,0,0.0,0,0,0,0,0,2,1,0
2024-06-18 17:48:00-04:00,0,1,0,0,0,0,0,0,0,0,0,0,0,0,0,0,0,2,0,0,0,0,1,0,1,0,0,0.0,0,0,0,0,0,1,1,0
2024-06-20 12:48:00-04:00,0,0,0,0,0,0,0,0,0,0,0,0,0,0,0,0,0,2,1,1,1,1,1,0,0,0,0,0.0,0,0,0,2,0,2,0,0
2024-06-19 14:36:00-04:00,0,0,0,0,0,0,0,0,0,0,0,0,0,0,0,0,1,1,1,1,1,1,0,0,1,0,0,0.0,0,0,0,0,0,2,0,0
2024-06-22 11:56:00-04:00,0,0,0,0,0,0,0,0,0,0,0,1,0,0,0,0,0,0,0,0,0,0,0,0,1,0,0,0.0,0,0,0,0,0,1,0,0
2024-06-19 00:51:00-04:00,0,0,0,0,0,0,0,0,0,0,0,0,0,0,0,1,0,2,1,1,1,0,0,0,0,0,0,0.0,1,0,0,0,0,2,1,0
2024-06-19 15:00:00-04:00,0,0,0,0,0,0,0,0,0,0,0,0,0,0,0,0,1,1,1,1,1,1,0,0,1,0,0,0.0,0,0,0,0,0,1,0,0
2024-06-20 02:50:00-04:00,0,0,0,0,0,0,0,0,0,0,0,0,0,0,0,0,1,1,1,1,1,1,0,1,1,0,0,0.0,0,0,0,0,0,2,0,0
2024-06-20 09:37:00-04:00,0,0,0,0,0,0,0,0,0,0,0,0,0,0,0,0,1,1,1,1,1,1,0,0,0,0,0,0.0,0,0,0,0,0,2,0,0
2024-06-19 03:01:00-04:00,0,0,0,0,0,0,0,0,0,0,0,0,0,0,0,0,0,2,1,1,1,1,1,0,1,0,0,0.0,0,0,0,2,0,2,0,0
2024-06-22 08:23:00-04:00,0,0,0,0,0,0,0,0,0,0,0,0,0,0,0,0,0,0,0,0,0,0,0,0,1,0,0,0.0,0,0,0,0,0,1,0,0
2024-06-18 14:09:00-04:00,0,0,0,0,0,0,0,0,0,0,0,0,0,0,0,0,0,0,0,0,0,0,0,0,1,0,0,0.0,0,0,0,0,0,2,1,0
2024-06-19 19:15:00-04:00,0,0,0,0,0,0,0,0,0,0,0,0,0,0,0,0,1,1,0,0,1,0,0,0,1,0,0,0.0,0,0,0,0,0,2,1,5
2024-06-23 10:15:00-04:00,0,0,0,0,0,0,0,0,0,0,0,0,0,0,0,0,1,1,0,0,0,0,0,1,1,0,0,0.0,0,0,0,0,0,2,0,0
2024-06-18 21:41:00-04:00,0,0,0,0,0,0,0,0,0,0,0,0,0,0,0,0,1,1,0,0,0,0,0,1,1,0,0,0.0,0,0,0,0,0,1,0,0
2024-06-22 03:53:00-04:00,0,0,0,0,0,0,0,0,0,0,0,0,0,0,0,0,0,0,0,0,0,0,0,0,0,0,0,0.0,0,0,0,0,0,1,1,0
2024-06-19 00:29:00-04:00,0,0,0,0,0,0,0,0,0,0,0,0,0,0,0,0,0,2,1,1,1,0,1,0,1,0,0,0.0,0,0,0,0,0,1,1,2
2024-06-20 12:37:00-04:00,0,0,0,0,0,0,0,0,0,0,0,0,0,0,0,0,0,0,1,1,1,1,0,0,0,0,0,0.0,0,0,0,0,0,1,0,0
2024-06-20 23:01:00-04:00,0,0,0,0,0,0,0,0,0,0,0,0,0,0,0,0,0,0,1,1,1,1,0,0,1,0,0,0.0,0,0,0,0,0,2,0,0
2024-06-23 08:17:00-04:00,0,0,0,0,0,0,0,0,0,0,0,0,0,0,0,0,1,1,0,0,0,0,0,0,1,0,0,0.0,0,0,0,1,0,2,0,0
2024-06-21 18:42:00-04:00,0,0,0,0,0,0,0,0,0,0,0,0,0,0,0,0,1,1,1,1,1,1,0,0,1,0,0,0.0,0,0,0,0,0,1,0,0
2024-06-20 12:34:00-04:00,0,0,0,0,0,0,0,0,0,0,0,0,0,0,0,1,0,2,1,1,1,1,0,0,1,0,0,0.0,1,0,0,0,0,1,1,0
2024-06-21 05:42:00-04:00,0,0,0,0,0,0,0,0,0,0,0,0,0,0,0,0,0,0,1,1,1,1,0,0,1,0,0,0.0,0,0,0,0,0,1,1,0
2024-06-20 08:13:00-04:00,0,0,0,0,0,0,0,0,0,0,0,0,0,0,0,0,1,1,1,1,1,1,0,1,0,0,0,0.0,0,0,0,0,0,1,1,0
2024-06-22 15:39:00-04:00,0,0,0,0,0,0,0,0,0,0,0,0,0,0,0,0,0,2,0,0,0,0,1,0,1,0,0,0.0,0,0,0,0,0,2,1,2
2024-06-23 00:26:00-04:00,0,0,0,0,0,0,0,0,0,0,0,0,0,0,0,0,1,1,0,0,0,0,0,0,1,0,0,0.0,0,0,0,0,0,2,0,0
2024-06-20 11:16:00-04:00,0,0,0,0,0,0,0,0,0,0,0,0,0,0,0,0,1,2,1,1,1,1,1,0,1,0,0,0.0,0,1,1,0,0,1,1,0
2024-06-22 15:36:00-04:00,0,0,0,0,0,0,0,0,0,0,0,0,0,0,0,0,0,2,0,0,0,0,1,0,1,0,0,0.0,0,0,0,0,0,2,1,2
2024-06-20 20:15:00-04:00,0,0,0,0,0,0,0,0,0,0,0,0,0,0,0,0,1,1,1,1,1,1,0,0,1,0,0,0.0,0,0,0,0,0,1,1,0
2024-06-20 03:21:00-04:00,0,1,0,0,0,0,0,0,0,0,0,0,0,0,0,1,0,2,1,1,1,1,0,0,1,0,0,0.0,0,0,0,2,0,1,1,0
2024-06-18 21:24:00-04:00,0,0,0,0,0,0,0,0,0,0,0,0,0,0,0,0,1,1,1,0,1,0,0,0,1,0,0,0.0,0,0,0,0,0,2,0,0
2024-06-19 01:07:00-04:00,0,0,0,0,0,0,0,0,0,0,0,0,0,0,0,0,1,1,1,1,1,1,0,0,1,0,0,0.0,1,2,1,0,0,2,1,0
2024-06-22 12:19:00-04:00,0,0,0,0,0,0,0,0,0,0,0,0,0,0,0,0,1,1,0,0,0,0,0,1,1,0,0,0.0,0,0,0,0,0,1,0,0
2024-06-22 11:15:00-04:00,0,0,0,0,0,0,0,0,0,0,0,0,0,0,0,0,0,2,0,0,0,0,1,0,1,0,0,0.0,0,0,0,2,0,1,1,0
2024-06-22 11:41:00-04:00,0,0,0,0,0,0,0,0,0,0,0,0,0,0,0,0,1,1,0,0,0,0,0,0,1,0,0,0.0,0,0,0,0,0,1,0,0
2024-06-23 03:08:00-04:00,0,0,0,0,0,0,0,0,0,0,0,0,0,0,0,0,0,0,0,0,0,0,0,0,1,0,0,0.0,0,0,0,0,0,1,0,0
2024-06-23 05:45:00-04:00,0,0,1,0,0,0,0,0,0,0,0,0,0,0,0,0,1,1,0,0,0,0,0,0,1,0,0,0.0,0,0,0,0,0,1,0,0
2024-06-21 07:14:00-04:00,0,0,0,0,0,0,0,0,0,0,0,0,0,0,0,0,0,1,1,1,1,1,0,1,1,0,0,0.0,0,0,0,0,0,1,0,0
2024-06-22 04:16:00-04:00,0,0,0,0,0,0,0,0,0,0,0,0,0,0,0,0,1,1,0,0,0,0,0,1,1,0,0,0.0,0,0,0,0,0,2,1,0
2024-06-22 05:34:00-04:00,0,0,0,0,0,0,0,0,0,0,0,0,0,0,0,0,1,1,0,0,0,0,0,0,0,0,0,0.0,0,0,0,0,0,2,0,0
2024-06-20 03:30:00-04:00,0,0,0,0,0,0,0,0,0,0,0,0,0,0,0,0,0,0,1,1,1,1,0,0,1,0,0,0.0,0,0,0,0,0,1,1,0
2024-06-21 22:45:00-04:00,0,0,0,0,0,0,0,0,0,0,0,0,0,0,0,0,1,1,1,1,1,1,0,1,1,0,0,0.0,0,0,0,0,0,1,0,0
2024-06-21 06:37:00-04:00,0,0,0,0,0,0,0,0,0,0,0,0,0,0,0,0,1,1,1,1,1,1,0,1,1,0,0,0.0,0,0,0,0,0,2,1,0
2024-06-22 10:19:00-04:00,0,0,0,0,0,0,0,0,0,0,0,0,0,0,0,0,0,2,0,0,0,0,1,0,1,0,0,0.0,0,0,0,0,0,1,1,0
2024-06-19 15:10:00-04:00,0,0,0,0,0,0,0,0,0,0,0,0,0,0,0,0,1,1,1,1,1,1,0,1,1,0,0,0.0,1,0,0,0,0,2,0,0
2024-06-22 00:45:00-04:00,0,0,0,0,0,0,0,0,0,0,0,0,0,0,0,0,1,1,0,0,0,0,0,0,1,0,0,0.0,0,0,0,0,0,2,1,0
2024-06-22 02:54:00-04:00,0,0,0,0,0,0,0,0,0,0,0,0,0,0,0,0,0,0,0,0,0,0,0,0,1,0,0,0.0,0,0,0,0,0,2,1,0
2024-06-20 03:37:00-04:00,0,0,0,0,0,0,0,0,0,0,0,0,0,0,0,0,0,0,1,1,1,1,0,0,1,0,0,0.0,0,0,0,0,0,2,1,0
2024-06-18 15:56:00-04:00,0,0,0,0,0,0,0,0,0,0,0,0,0,0,0,1,0,2,0,0,0,0,1,0,1,0,0,0.0,0,0,0,0,0,1,1,3
2024-06-21 14:22:00-04:00,0,0,0,0,0,0,0,0,0,0,0,0,0,0,0,0,1,1,1,1,1,1,0,0,1,0,0,0.0,1,0,0,0,0,2,0,0
2024-06-19 05:07:00-04:00,0,1,0,0,0,0,0,0,0,0,0,0,0,0,0,0,0,2,1,1,1,1,1,0,1,0,0,0.0,0,0,0,2,0,2,1,0
2024-06-20 01:04:00-04:00,0,0,0,0,0,0,0,0,0,0,0,0,0,0,0,0,0,0,1,1,1,0,0,0,1,0,0,0.0,0,0,0,0,0,2,1,5
2024-06-19 02:47:00-04:00,0,0,0,0,0,0,0,0,0,0,0,0,0,0,0,0,0,0,1,1,1,1,0,0,1,0,0,0.0,0,2,1,0,0,2,1,0
2024-06-20 20:43:00-04:00,0,0,0,0,0,0,0,0,0,0,0,0,0,0,0,0,0,0,1,1,1,1,0,0,1,0,0,0.0,0,0,0,0,0,2,0,0
2024-06-22 14:50:00-04:00,0,0,0,0,0,0,0,0,0,0,0,0,0,0,0,0,1,1,0,0,0,0,0,0,1,0,0,0.0,0,0,0,0,0,2,0,0
2024-06-19 18:35:00-04:00,0,0,0,0,0,0,0,0,0,0,0,0,0,0,0,0,1,1,1,1,1,1,0,0,1,0,0,0.0,0,0,0,1,0,1,1,0
2024-06-20 01:10:00-04:00,0,0,0,0,0,0,0,0,0,0,0,0,0,0,0,0,0,0,1,1,1,0,0,0,1,0,0,0.0,0,0,0,2,0,1,0,0
2024-06-21 09:32:00-04:00,0,0,0,0,0,0,0,0,0,0,0,0,0,0,0,0,1,1,1,1,1,1,0,1,1,0,0,0.0,1,0,0,0,0,1,0,1
2024-06-21 10:06:00-04:00,0,0,0,0,0,0,0,0,0,0,0,0,0,0,0,0,0,2,1,1,1,1,1,0,1,0,0,0.0,1,0,0,0,0,1,1,0
2024-06-22 09:19:00-04:00,0,0,0,0,0,0,0,0,0,0,0,0,0,0,0,0,1,1,0,0,0,0,0,0,1,0,0,0.0,0,0,0,0,0,2,0,0
2024-06-22 12:11:00-04:00,0,0,0,0,0,0,0,0,0,0,0,0,0,0,0,0,1,1,0,0,0,0,0,0,1,0,0,0.0,0,0,0,0,0,2,1,0
2024-06-20 08:12:00-04:00,0,0,0,0,0,0,0,0,0,0,0,0,0,0,0,0,1,1,1,1,1,1,0,1,1,0,0,0.0,0,0,0,0,0,2,0,0
2024-06-21 23:52:00-04:00,0,0,0,0,0,0,0,0,0,0,0,0,0,0,0,0,0,0,0,0,0,0,0,0,1,0,0,0.0,0,0,0,0,0,1,1,0
2024-06-20 08:09:00-04:00,0,0,0,0,0,0,0,0,0,0,0,0,0,0,0,0,1,1,1,1,1,1,0,1,1,0,0,0.0,0,0,0,0,0,1,0,0
2024-06-22 14:30:00-04:00,0,0,0,0,0,0,0,0,0,0,0,0,0,0,0,0,1,1,0,0,0,0,0,0,1,0,0,0.0,0,0,0,0,0,1,1,0
2024-06-19 21:45:00-04:00,0,0,0,0,0,0,0,0,0,0,0,0,0,0,0,0,1,1,1,1,1,1,0,0,1,0,0,0.0,0,0,0,0,0,1,0,0
2024-06-19 08:00:00-04:00,0,0,0,0,0,0,0,0,0,0,0,0,0,0,0,0,0,0,1,1,1,1,0,0,1,0,0,0.0,0,0,0,0,0,2,0,0
2024-06-21 18:45:00-04:00,0,1,0,0,0,0,0,0,0,0,0,0,0,0,0,0,0,0,1,1,1,1,0,0,1,0,0,0.0,0,0,0,0,0,1,1,0
2024-06-19 17:56:00-04:00,0,0,1,0,0,0,0,0,0,0,0,0,0,0,0,0,1,1,1,1,1,1,0,0,1,0,0,0.0,1,2,1,0,0,2,1,0
2024-06-18 13:15:00-04:00,0,0,0,0,0,0,0,0,0,0,0,0,0,0,0,0,0,2,0,0,0,0,1,0,1,0,0,0.0,0,0,0,0,0,1,0,0
2024-06-22 02:58:00-04:00,0,0,0,0,0,0,0,0,0,0,0,0,0,0,0,0,1,1,0,0,0,0,0,0,1,0,0,0.0,0,1,1,0,0,1,0,2
2024-06-20 01:11:00-04:00,0,0,0,0,0,0,0,0,0,0,0,0,0,0,0,0,0,0,1,1,1,0,0,0,1,0,0,0.0,0,0,0,2,0,2,0,0
2024-06-22 22:11:00-04:00,0,0,0,0,0,0,0,0,0,0,0,0,0,0,0,0,0,0,0,0,0,0,0,0,1,0,0,0.0,0,2,1,0,0,2,1,0
2024-06-19 15:17:00-04:00,0,0,0,0,0,0,0,0,0,0,0,0,0,0,0,0,1,1,1,1,1,1,0,1,1,0,0,0.0,0,0,0,1,0,1,1,0
2024-06-19 04:31:00-04:00,0,2,0,0,0,0,0,0,0,0,0,0,0,0,0,0,1,1,1,1,1,1,0,0,1,0,0,0.0,1,0,0,0,0,1,0,4
2024-06-23 02:19:00-04:00,0,0,0,0,0,0,0,0,0,0,0,0,0,0,0,0,1,1,0,0,0,0,0,0,1,0,0,0.0,0,0,0,0,0,2,1,0
2024-06-19 04:57:00-04:00,0,0,0,0,0,0,0,0,0,0,0,0,0,0,0,0,1,1,1,1,1,1,0,0,1,0,0,0.0,0,0,0,0,0,2,0,0
2024-06-23 06:57:00-04:00,0,0,0,0,0,0,0,0,0,0,0,0,0,0,0,0,1,1,0,0,0,0,0,1,1,0,0,0.0,0,0,0,0,0,1,0,0
2024-06-18 12:11:00-04:00,0,0,0,0,0,0,0,0,0,0,0,0,0,0,0,0,1,1,0,0,0,0,0,1,1,0,0,0.0,0,0,0,0,0,2,0,0
2024-06-20 03:53:00-04:00,0,0,0,0,0,0,0,0,0,0,0,0,0,0,0,0,0,0,1,1,1,1,0,0,1,0,0,0.0,0,0,0,0,0,1,0,0
2024-06-21 19:58:00-04:00,0,0,0,0,0,0,0,0,0,0,0,0,0,0,0,0,0,2,1,1,1,1,1,0,1,0,0,0.0,0,0,0,0,0,1,1,0
2024-06-21 06:31:00-04:00,0,0,0,0,0,0,0,0,0,0,0,0,0,0,0,0,1,1,1,1,1,1,0,1,1,0,0,0.0,0,0,0,0,0,2,0,0
2024-06-19 03:38:00-04:00,0,0,0,0,0,0,0,0,0,0,0,0,0,0,0,0,0,0,1,1,1,1,0,0,1,0,0,0.0,0,0,0,0,0,1,1,0
2024-06-19 21:06:00-04:00,0,2,0,0,0,0,0,0,0,0,0,0,0,0,0,0,1,1,0,0,1,0,0,0,1,0,0,0.0,0,0,0,0,0,2,1,0
2024-06-18 15:50:00-04:00,0,0,0,0,0,0,0,0,0,0,0,0,0,0,0,0,0,0,0,0,0,0,0,0,1,0,0,0.0,0,0,0,0,0,2,1,0
2024-06-22 19:05:00-04:00,0,0,0,0,0,0,0,0,0,0,0,0,0,0,0,0,1,1,0,0,0,0,0,0,1,0,0,0.0,0,1,1,0,0,1,0,0
2024-06-18 23:02:00-04:00,0,0,0,0,0,0,0,0,0,0,0,0,0,0,0,0,0,0,0,0,1,0,0,0,1,0,0,0.0,0,0,0,0,0,2,1,0
2024-06-21 14:36:00-04:00,0,0,0,0,0,0,0,0,0,0,0,0,0,0,0,0,0,0,1,1,1,1,0,0,1,0,0,0.0,0,0,0,0,0,1,0,0
2024-06-20 20:00:00-04:00,0,0,0,0,0,0,0,0,0,0,0,0,0,0,0,0,0,0,1,1,1,1,0,0,1,0,0,0.0,0,0,0,0,0,1,1,0
2024-06-22 03:51:00-04:00,0,2,0,0,0,0,0,0,0,0,0,0,0,0,0,0,0,0,0,0,0,0,0,0,1,0,0,0.0,0,0,0,0,0,2,0,0
2024-06-19 01:35:00-04:00,0,1,0,0,0,0,0,0,0,0,0,0,0,0,0,0,0,0,1,1,1,1,0,0,1,0,0,0.0,0,0,0,0,0,1,0,0
2024-06-18 16:53:00-04:00,0,0,0,0,0,0,0,0,0,0,0,0,0,0,0,1,0,2,0,0,0,0,1,0,1,0,0,0.0,0,0,0,2,0,1,1,0
2024-06-19 14:54:00-04:00,0,0,0,0,0,0,0,0,0,0,0,0,0,0,0,0,0,0,1,1,1,1,0,0,1,0,0,0.0,0,0,0,0,0,2,0,1
2024-06-19 01:42:00-04:00,0,0,0,0,0,0,0,0,0,0,0,0,0,0,0,0,0,0,1,1,1,1,0,0,1,0,0,0.0,1,0,0,0,0,2,1,1
2024-06-19 06:26:00-04:00,0,0,0,0,0,0,0,0,0,0,0,0,0,0,0,0,0,2,1,1,1,1,1,0,1,0,0,0.0,0,0,0,0,0,1,1,0
2024-06-19 02:45:00-04:00,0,0,0,0,0,0,0,0,0,0,0,0,0,0,0,0,0,0,1,1,1,1,0,0,1,0,0,0.0,0,0,0,0,0,1,1,0
2024-06-23 09:27:00-04:00,0,0,0,0,0,0,0,0,0,0,0,0,0,0,0,0,1,1,0,0,0,0,0,0,1,0,0,0.0,0,0,0,0,0,1,1,0
2024-06-22 02:37:00-04:00,0,0,0,0,0,0,0,0,0,0,0,0,0,0,0,0,1,1,0,0,0,0,0,1,1,0,0,0.0,0,0,0,0,0,1,1,0
2024-06-21 05:12:00-04:00,0,0,0,0,0,0,0,0,0,0,0,0,0,0,0,0,0,2,1,1,1,1,1,0,0,0,0,0.0,0,0,0,0,0,2,1,2
2024-06-19 00:45:00-04:00,0,0,0,0,0,0,0,0,0,0,0,0,0,0,0,0,0,0,1,1,1,0,0,0,1,0,0,0.0,1,0,0,0,0,2,1,0
2024-06-18 13:44:00-04:00,0,0,1,0,0,0,0,0,0,0,0,0,0,0,0,0,1,1,0,0,0,0,0,0,1,0,0,0.0,0,0,0,0,0,2,1,0
2024-06-18 21:08:00-04:00,0,0,0,0,0,0,0,0,0,2,0,0,0,0,0,0,0,2,0,0,0,0,1,0,1,0,0,0.0,0,0,0,2,0,2,0,0
2024-06-20 02:53:00-04:00,0,0,0,0,0,0,0,0,0,0,0,0,0,0,0,0,1,1,1,1,1,1,0,0,1,0,0,0.0,0,0,0,0,0,1,1,0
2024-06-21 12:44:00-04:00,0,0,0,0,0,0,0,0,0,0,0,0,0,0,0,0,1,1,1,1,1,1,0,1,1,0,0,0.0,0,0,0,0,0,2,0,0
2024-06-18 13:31:00-04:00,0,2,0,0,0,0,0,0,0,0,0,0,0,0,0,0,1,1,0,0,0,0,0,0,1,0,0,0.0,0,0,0,0,0,2,0,3
2024-06-19 22:44:00-04:00,0,0,0,0,0,0,0,0,0,0,0,0,0,0,0,0,1,1,1,0,1,0,0,0,1,0,0,0.0,0,0,0,0,0,2,1,0
2024-06-22 20:29:00-04:00,0,0,0,0,0,0,0,0,0,2,0,0,0,0,0,0,0,0,0,0,0,0,0,0,1,0,0,0.0,0,0,0,0,0,2,0,0
2024-06-21 11:53:00-04:00,0,0,0,0,0,0,0,0,0,0,0,0,0,0,0,0,0,2,1,1,1,1,1,0,1,0,0,0.0,0,0,0,0,0,2,1,0
2024-06-23 11:05:00-04:00,0,0,0,0,0,0,0,0,0,0,0,0,0,0,0,0,1,1,0,0,0,0,0,1,1,0,0,0.0,0,0,0,0,0,1,1,0
2024-06-23 08:40:00-04:00,0,0,0,0,0,0,0,0,0,0,0,0,0,0,0,0,0,2,0,0,0,0,1,0,1,0,0,0.0,0,0,0,0,0,1,1,0
2024-06-21 08:54:00-04:00,0,0,0,0,0,0,0,0,0,0,0,0,0,0,0,0,1,1,1,1,1,1,0,0,1,0,0,0.0,0,0,0,0,0,2,0,0
2024-06-19 20:15:00-04:00,0,0,0,0,0,0,0,0,0,0,0,0,0,0,0,0,0,0,1,0,1,0,0,0,1,0,0,0.0,0,0,0,0,0,1,0,2
2024-06-23 01:14:00-04:00,0,0,0,0,0,0,0,0,0,0,0,0,0,0,0,0,1,1,0,0,0,0,0,0,1,0,0,0.0,0,0,0,0,0,2,0,0
2024-06-21 01:49:00-04:00,0,0,0,0,0,0,0,0,0,0,0,0,0,0,0,0,1,1,1,1,1,1,0,0,1,0,0,0.0,0,0,0,0,0,1,0,0
2024-06-20 15:05:00-04:00,0,0,0,0,0,0,0,0,0,0,0,0,0,0,0,0,1,1,1,1,1,1,0,0,1,0,0,0.0,0,0,0,0,0,1,1,0
2024-06-18 13:46:00-04:00,0,0,0,0,0,0,0,0,0,0,0,0,0,0,0,0,1,1,0,0,0,0,0,0,1,0,0,0.0,0,0,0,0,0,1,0,0
2024-06-19 18:18:00-04:00,0,0,0,0,0,0,0,0,0,0,0,0,0,0,0,0,0,0,1,1,1,1,0,0,1,0,0,0.0,1,2,1,0,0,1,1,0
2024-06-23 01:02:00-04:00,0,0,0,0,0,0,0,0,0,0,0,0,0,0,0,0,0,2,0,0,0,0,1,0,1,0,0,0.0,0,0,0,0,0,2,1,0
2024-06-20 10:01:00-04:00,0,0,0,0,0,0,0,0,0,0,0,0,0,0,0,0,1,1,1,1,1,1,0,0,1,0,0,0.0,0,0,0,0,0,1,0,0
2024-06-22 01:39:00-04:00,0,0,0,0,0,0,0,0,0,0,0,0,0,0,0,0,1,1,0,0,0,0,0,1,1,0,0,0.0,0,0,0,0,0,2,0,0
2024-06-22 02:48:00-04:00,0,0,0,0,0,0,0,0,0,0,0,0,0,0,0,0,1,1,0,0,0,0,0,0,1,0,0,0.0,0,1,1,0,0,2,0,0
2024-06-21 09:30:00-04:00,0,0,0,0,0,0,0,0,0,0,0,0,0,0,0,0,1,1,1,1,1,1,0,0,1,0,0,0.0,1,0,0,0,0,2,1,0
2024-06-19 12:45:00-04:00,0,0,0,0,0,0,0,0,0,0,0,0,0,0,0,0,0,0,1,1,1,1,0,0,1,0,0,0.0,0,0,0,0,0,2,1,0
2024-06-18 14:07:00-04:00,0,0,0,0,0,0,0,0,0,0,0,0,0,0,0,0,1,1,0,0,0,0,0,0,1,0,0,0.0,0,0,0,0,0,1,1,0
2024-06-23 10:59:00-04:00,0,0,0,0,0,0,0,0,0,0,0,0,0,0,0,0,1,1,0,0,0,0,0,1,1,0,0,0.0,0,0,0,1,0,2,1,0
2024-06-22 02:25:00-04:00,0,0,0,0,0,0,0,0,0,0,0,0,0,0,0,0,0,0,0,0,0,0,0,0,0,0,0,0.0,0,0,0,0,0,1,1,0
2024-06-18 11:29:00-04:00,0,0,0,0,0,0,0,0,0,0,0,0,0,0,0,0,0,0,0,0,0,0,0,0,1,0,0,0.0,0,0,0,0,0,2,0,0
2024-06-20 23:44:00-04:00,0,1,0,0,0,0,0,0,0,0,0,0,0,0,0,0,0,0,1,1,1,1,0,0,1,0,0,0.0,0,0,0,0,0,2,0,0
2024-06-22 01:26:00-04:00,0,0,0,0,0,0,0,0,0,0,0,0,0,0,0,0,1,1,0,0,0,0,0,0,1,0,0,0.0,0,0,0,0,0,1,0,0
2024-06-21 05:59:00-04:00,0,2,0,0,0,0,0,0,0,0,0,0,0,0,0,0,1,1,1,1,1,1,0,0,1,0,0,0.0,0,0,0,0,0,1,0,0
2024-06-20 10:34:00-04:00,0,0,0,0,0,0,0,0,0,0,0,0,0,0,0,0,0,0,1,0,1,0,0,0,1,0,0,0.0,1,0,0,0,0,1,0,0
2024-06-21 12:51:00-04:00,0,0,0,0,0,0,0,0,0,0,0,0,0,0,0,0,1,1,1,1,1,1,0,0,1,0,0,0.0,0,0,0,0,0,2,1,0
2024-06-23 07:14:00-04:00,0,0,0,0,0,0,0,0,0,0,0,0,0,0,0,0,1,1,0,0,0,0,0,0,1,0,0,0.0,0,0,0,0,0,1,0,1
2024-06-23 03:38:00-04:00,0,0,0,0,0,0,0,0,0,0,0,0,0,0,0,0,1,1,0,0,0,0,0,1,1,0,0,0.0,0,0,0,1,0,2,0,0
2024-06-21 16:23:00-04:00,0,0,0,0,0,0,0,0,0,0,0,0,0,0,0,0,0,0,1,1,1,1,0,0,1,0,0,0.0,0,0,0,0,0,1,1,0
2024-06-20 05:11:00-04:00,0,0,0,0,0,0,0,0,0,0,0,0,0,0,0,0,0,0,1,1,1,1,0,0,1,0,0,0.0,0,0,0,0,0,2,0,0
2024-06-18 13:33:00-04:00,0,0,0,0,0,0,0,0,0,0,0,0,0,0,0,0,1,1,0,0,0,0,0,0,1,0,0,0.0,0,0,0,0,0,1,1,0
2024-06-20 01:20:00-04:00,0,0,0,0,0,0,0,0,0,0,0,0,0,0,0,0,0,0,1,1,1,0,0,0,1,0,0,0.0,0,0,0,0,0,2,1,0
2024-06-20 07:44:00-04:00,0,0,0,0,0,0,0,0,0,0,0,0,0,0,0,0,1,1,1,1,1,1,0,1,1,0,0,0.0,0,0,0,1,0,1,0,0
2024-06-18 23:41:00-04:00,0,1,0,0,0,0,0,0,0,0,0,0,0,0,0,0,0,0,1,0,1,0,0,0,1,0,0,0.0,1,0,0,0,0,2,1,0
2024-06-20 21:39:00-04:00,0,1,0,0,0,0,0,0,0,0,0,0,0,0,0,0,0,0,1,1,1,1,0,0,1,0,0,0.0,0,0,0,2,0,2,0,0
2024-06-22 11:06:00-04:00,0,0,0,0,0,0,0,0,0,0,0,0,0,0,0,0,1,1,0,0,0,0,0,0,1,0,0,0.0,0,0,0,0,0,1,0,0
2024-06-23 00:24:00-04:00,0,0,0,0,0,0,0,0,0,0,0,0,0,0,0,0,0,0,0,0,0,0,0,0,1,0,0,0.0,0,2,1,0,0,1,1,2
2024-06-19 16:31:00-04:00,0,0,0,0,0,0,0,0,0,0,0,0,0,0,0,0,0,0,1,0,1,1,0,0,1,0,0,0.0,1,0,0,0,0,1,1,0
2024-06-22 09:28:00-04:00,0,0,0,0,0,0,0,0,0,0,0,0,0,0,0,0,1,1,0,0,0,0,0,0,1,0,0,0.0,0,0,0,0,0,2,0,0
2024-06-21 16:45:00-04:00,0,0,0,0,0,0,0,0,0,0,0,0,0,0,0,0,1,1,1,1,1,1,0,0,1,0,0,0.0,0,0,0,0,0,2,0,0
2024-06-22 02:31:00-04:00,0,0,0,0,0,0,0,0,0,0,0,0,0,0,0,0,0,0,0,0,0,0,0,0,1,0,0,0.0,0,0,0,0,0,2,0,0
2024-06-23 08:42:00-04:00,0,1,0,0,0,0,0,0,0,0,0,0,0,0,0,0,0,0,0,0,0,0,0,0,1,0,0,0.0,0,0,0,0,0,2,1,0
2024-06-21 17:03:00-04:00,0,1,1,0,0,0,0,0,0,0,0,0,0,0,0,0,0,0,1,1,1,1,0,0,1,0,0,0.0,0,2,1,0,0,1,1,0
2024-06-18 22:24:00-04:00,0,2,0,0,0,0,0,0,0,0,0,0,0,0,0,0,1,1,1,0,1,0,0,0,1,0,0,0.0,0,0,0,0,0,1,0,2
2024-06-19 00:07:00-04:00,0,0,0,0,0,0,0,0,0,0,0,0,0,0,0,0,0,2,1,0,1,0,1,0,1,0,0,0.0,1,2,1,0,0,1,1,0
2024-06-22 00:37:00-04:00,0,0,0,0,0,0,0,0,0,0,0,0,0,0,0,0,1,1,0,0,0,0,0,0,1,0,0,0.0,0,0,0,0,0,2,0,0
2024-06-22 15:55:00-04:00,0,0,0,0,0,0,0,0,0,0,0,0,0,0,0,0,0,0,0,0,0,0,0,0,1,0,0,0.0,0,0,0,0,0,2,0,0
2024-06-20 20:18:00-04:00,0,0,0,0,0,0,0,0,0,0,0,0,0,0,0,0,1,1,1,1,1,1,0,1,1,0,0,0.0,0,0,0,0,0,2,0,0
2024-06-21 02:00:00-04:00,0,0,0,0,0,0,0,0,0,0,0,0,0,0,0,0,1,1,1,1,1,1,0,0,1,0,0,0.0,0,0,0,0,0,1,1,2
2024-06-23 03:15:00-04:00,0,0,0,0,0,0,0,0,0,0,0,0,0,0,0,0,0,0,0,0,0,0,0,0,1,0,0,0.0,0,0,0,0,0,2,0,0
2024-06-22 04:33:00-04:00,0,0,0,0,0,0,0,0,0,0,0,0,0,0,0,0,1,1,0,0,0,0,0,1,1,0,0,0.0,0,0,0,0,0,2,1,4
2024-06-21 14:19:00-04:00,0,0,0,0,0,0,0,0,0,0,0,0,0,0,0,0,0,0,1,1,1,1,0,0,1,0,0,0.0,0,0,0,0,0,2,0,0
2024-06-20 10:32:00-04:00,0,0,0,0,0,0,0,0,0,0,0,0,0,0,0,0,0,2,1,0,1,0,1,0,1,0,0,0.0,0,0,0,0,0,1,1,3
2024-06-19 21:15:00-04:00,0,0,0,0,0,0,0,0,0,0,0,0,0,0,0,0,0,2,1,0,1,0,1,0,1,0,0,0.0,1,0,0,0,0,2,0,0
2024-06-19 01:50:00-04:00,0,0,0,0,0,0,0,0,0,0,0,0,0,0,0,0,1,1,1,1,1,1,0,0,1,0,0,0.0,0,0,0,0,0,1,1,0
2024-06-22 05:02:00-04:00,0,2,0,0,0,0,0,0,0,0,0,0,0,0,0,0,1,1,0,0,0,0,0,0,1,0,0,0.0,0,0,0,0,0,2,0,0
2024-06-19 20:05:00-04:00,0,0,0,0,0,0,0,0,0,0,0,0,0,0,0,0,0,0,0,0,0,0,0,0,1,0,0,0.0,0,0,0,0,0,2,1,0
2024-06-23 00:25:00-04:00,0,0,0,0,0,0,0,0,0,0,0,0,0,0,0,0,1,1,0,0,0,0,0,0,1,0,0,0.0,0,0,0,0,0,1,0,0
2024-06-21 16:02:00-04:00,0,0,0,0,0,0,0,0,0,0,0,0,0,0,0,0,1,1,1,1,1,1,0,0,1,0,0,0.0,0,0,0,0,0,2,0,0
2024-06-20 00:15:00-04:00,0,2,0,0,0,0,0,0,0,0,0,0,0,0,0,0,1,1,0,0,0,0,0,0,1,0,0,0.0,0,0,0,0,0,1,0,2
2024-06-18 17:34:00-04:00,0,0,0,0,0,0,0,0,0,0,0,0,0,0,0,0,0,0,0,0,0,0,0,0,1,0,0,0.0,0,0,0,0,0,1,1,0
2024-06-19 18:34:00-04:00,0,0,0,0,0,0,0,0,0,0,0,0,0,0,0,0,1,1,1,1,1,1,0,0,1,0,0,0.0,0,0,0,0,0,2,0,0
2024-06-18 16:34:00-04:00,0,0,0,0,0,0,0,0,0,0,0,0,0,0,0,0,1,1,0,0,0,0,0,0,1,0,0,0.0,0,0,0,0,0,1,1,0
2024-06-21 14:39:00-04:00,0,0,0,0,0,0,0,0,0,0,0,0,0,0,0,0,0,0,1,1,1,1,0,0,1,0,0,0.0,0,0,0,0,0,1,0,0
2024-06-19 16:14:00-04:00,0,0,0,0,0,0,0,0,0,0,0,0,0,0,0,0,1,1,1,0,1,1,0,1,1,0,0,0.0,0,0,0,0,0,2,0,0
2024-06-23 02:32:00-04:00,0,0,0,0,0,0,0,0,0,0,0,0,0,0,0,0,1,1,0,0,0,0,0,0,1,0,0,0.0,0,0,0,0,0,1,1,0
2024-06-23 04:11:00-04:00,0,0,0,0,0,0,0,0,0,0,0,0,0,0,0,0,0,0,0,0,0,0,0,0,1,0,0,0.0,0,0,0,0,0,2,0,0
2024-06-22 06:00:00-04:00,0,0,0,0,0,0,0,0,0,0,0,0,0,0,0,0,1,1,0,0,0,0,0,0,1,0,0,0.0,0,0,0,0,0,2,0,0
2024-06-18 12:56:00-04:00,0,0,0,0,0,0,0,0,0,0,0,0,0,0,2,0,0,0,0,0,0,0,0,0,1,0,0,0.0,0,0,0,0,0,1,1,3
2024-06-20 02:58:00-04:00,0,0,0,0,0,0,0,0,0,0,0,0,0,0,0,0,1,1,1,1,1,1,0,0,1,0,0,0.0,0,0,0,0,0,2,1,0
2024-06-21 20:49:00-04:00,0,0,0,0,0,0,0,0,0,0,0,0,0,0,0,0,1,1,1,1,1,1,0,0,1,0,0,0.0,0,0,0,0,0,1,0,0
2024-06-19 18:46:00-04:00,0,0,0,0,0,0,0,0,0,0,0,0,0,0,0,0,1,1,1,1,1,1,0,0,1,0,0,0.0,0,0,0,0,0,2,1,0
2024-06-19 13:13:00-04:00,0,0,0,0,0,0,0,0,0,0,0,0,0,0,0,1,0,2,1,1,1,1,1,0,1,0,0,0.0,0,0,0,0,0,2,1,0
2024-06-20 13:23:00-04:00,0,0,0,0,0,0,0,0,0,0,0,0,0,0,0,0,0,0,1,1,1,1,0,0,1,0,0,0.0,0,0,0,0,0,1,0,0
2024-06-23 04:36:00-04:00,0,2,0,0,0,0,0,0,0,0,0,0,0,0,0,0,1,1,0,0,0,0,0,0,1,0,0,0.0,0,0,0,0,0,2,0,0
2024-06-23 07:03:00-04:00,0,2,0,0,0,0,0,0,0,0,0,0,0,0,0,0,1,1,0,0,0,0,0,0,1,0,0,0.0,0,0,0,1,0,1,0,3
2024-06-19 00:55:00-04:00,0,0,0,0,0,0,0,0,0,0,0,0,0,0,0,0,0,0,1,1,1,0,0,0,1,0,0,0.0,1,0,0,0,0,2,0,0
2024-06-21 23:33:00-04:00,0,0,0,0,0,0,0,0,0,0,0,0,0,0,0,0,1,1,1,0,1,0,0,0,1,0,0,0.0,0,0,0,0,0,1,0,0
2024-06-23 07:09:00-04:00,0,0,0,0,0,0,0,0,0,0,0,0,0,0,0,0,1,1,0,0,0,0,0,0,0,0,0,0.0,0,0,0,0,0,1,1,0
2024-06-21 23:23:00-04:00,0,0,0,0,0,0,0,0,0,0,0,0,0,0,0,0,1,1,1,0,1,0,0,0,1,0,0,0.0,0,0,0,0,0,1,0,0
2024-06-20 09:34:00-04:00,0,0,0,0,0,0,0,0,0,0,0,0,0,0,0,0,1,1,1,1,1,1,0,0,0,0,0,0.0,0,0,0,0,0,1,1,0
2024-06-20 05:29:00-04:00,0,0,0,0,0,0,0,0,0,0,0,0,0,0,0,0,1,1,1,1,1,1,0,0,1,0,0,0.0,0,2,1,0,0,2,1,0
2024-06-18 17:03:00-04:00,0,0,0,0,0,0,0,0,0,0,0,0,0,0,0,0,0,0,0,0,0,0,0,0,1,0,0,0.0,0,0,0,0,0,1,0,0
2024-06-20 22:58:00-04:00,0,0,0,0,0,0,0,0,0,0,0,0,0,0,0,0,0,0,1,1,1,1,0,0,0,0,0,0.0,0,0,0,0,0,2,0,0
2024-06-21 15:43:00-04:00,0,0,0,0,0,0,0,0,0,0,0,0,0,0,0,0,0,2,1,1,1,1,1,0,1,0,0,0.0,0,0,0,0,0,1,1,0
2024-06-20 11:18:00-04:00,0,2,0,0,0,0,0,0,0,0,0,0,0,0,0,0,1,1,1,1,1,1,0,0,1,0,0,0.0,1,0,0,0,0,2,0,0
2024-06-22 04:42:00-04:00,0,0,0,0,0,0,0,0,0,0,0,0,0,0,0,0,0,0,0,0,0,0,0,0,1,0,0,0.0,0,0,0,0,0,1,1,0
2024-06-19 15:03:00-04:00,0,0,0,0,0,0,0,0,0,0,0,0,0,0,0,0,1,1,1,1,1,1,0,1,1,0,0,0.0,0,0,0,0,0,1,0,0
2024-06-21 02:44:00-04:00,0,0,0,0,0,0,0,0,0,0,0,0,0,0,0,0,1,1,1,1,1,1,0,0,1,0,0,0.0,0,0,0,0,0,1,0,0
2024-06-20 11:24:00-04:00,0,0,0,0,0,0,0,0,0,0,0,0,0,0,0,0,1,1,1,1,1,1,0,0,1,0,0,0.0,0,0,0,0,0,2,0,0
2024-06-23 02:48:00-04:00,0,0,0,0,0,0,0,0,0,0,0,0,0,0,0,0,1,1,0,0,0,0,0,0,1,0,0,0.0,0,0,0,0,0,1,0,0
2024-06-22 14:14:00-04:00,0,0,0,0,0,0,0,0,0,0,0,0,0,0,0,0,1,1,0,0,0,0,0,0,1,0,0,0.0,0,0,0,0,0,1,0,0
2024-06-19 19:01:00-04:00,0,0,0,0,0,0,0,0,0,0,0,0,0,0,0,0,1,1,1,0,1,0,0,0,1,0,0,0.0,0,0,0,0,0,2,1,0
2024-06-22 02:11:00-04:00,0,0,0,0,0,0,0,0,0,0,0,0,0,0,0,0,0,0,0,0,0,0,0,0,1,0,0,0.0,0,0,0,0,0,2,1,0
2024-06-20 09:59:00-04:00,0,0,0,0,0,0,0,0,0,0,0,0,0,0,0,0,1,1,1,1,1,1,0,0,1,0,0,0.0,0,0,0,0,0,1,0,0
2024-06-22 10:45:00-04:00,0,0,0,0,0,0,0,0,0,0,0,0,0,0,0,1,0,2,0,0,0,0,1,0,1,0,0,0.0,0,0,0,0,0,1,1,0
2024-06-21 03:01:00-04:00,0,1,0,0,0,0,0,0,0,0,0,0,0,0,0,1,0,2,1,1,1,1,0,0,1,0,0,0.0,0,0,0,0,0,2,1,0
2024-06-20 12:10:00-04:00,0,0,0,0,0,0,0,0,0,0,0,0,0,0,0,0,1,1,1,0,1,1,0,0,0,0,0,0.0,1,0,0,0,0,2,1,0
2024-06-22 22:33:00-04:00,0,0,0,0,0,0,0,0,0,0,0,0,0,0,0,0,1,1,0,0,0,0,0,0,1,0,0,0.0,0,0,0,0,0,1,1,0
2024-06-18 20:04:00-04:00,0,0,0,0,0,0,0,0,0,0,0,0,0,0,0,0,0,0,0,0,0,0,0,0,1,0,0,0.0,0,2,1,0,0,1,1,1
2024-06-21 23:54:00-04:00,0,0,0,0,0,0,0,0,0,0,0,0,0,0,0,0,0,0,0,0,0,0,0,0,0,0,0,0.0,0,0,0,0,0,1,1,0
2024-06-20 01:34:00-04:00,0,0,0,0,0,0,0,0,0,0,0,0,0,0,0,1,0,2,1,1,1,0,0,0,1,0,0,0.0,0,0,0,0,0,1,1,0
2024-06-20 04:26:00-04:00,0,0,0,0,0,0,0,0,0,0,0,0,0,0,0,0,1,1,1,1,1,1,0,0,1,0,0,0.0,0,0,0,0,0,1,0,0
2024-06-21 02:12:00-04:00,0,1,0,0,0,0,0,0,0,0,0,0,0,0,0,0,0,0,1,1,1,1,0,0,1,0,0,0.0,0,0,0,0,0,2,1,0
2024-06-21 10:11:00-04:00,0,0,0,0,0,0,0,0,0,0,0,0,0,0,0,0,0,2,1,1,1,1,1,0,1,0,0,0.0,0,0,0,0,0,2,1,0
2024-06-21 10:37:00-04:00,0,0,0,0,0,0,0,0,0,0,0,0,0,0,0,0,0,0,1,1,1,1,0,0,0,0,0,0.0,0,0,0,0,0,2,0,0
2024-06-19 04:34:00-04:00,0,0,0,0,0,0,0,0,0,0,0,0,0,0,0,0,1,1,1,1,1,1,0,0,1,0,0,0.0,1,0,0,0,0,2,1,0
2024-06-19 07:36:00-04:00,0,0,0,0,0,0,0,0,0,0,0,0,0,0,0,0,1,1,1,1,1,1,0,1,1,0,0,0.0,1,0,0,0,0,2,0,0
2024-06-20 04:01:00-04:00,0,1,0,0,0,0,0,0,0,0,0,0,0,0,0,1,0,2,1,1,1,1,0,0,1,0,0,0.0,0,0,0,0,0,2,1,0
2024-06-19 08:26:00-04:00,0,0,0,0,0,0,0,0,0,0,0,0,0,0,0,0,0,0,1,1,1,1,0,0,1,0,0,0.0,0,0,0,0,0,1,1,0
2024-06-19 06:13:00-04:00,0,0,0,0,0,0,0,0,0,0,0,0,0,0,0,0,0,0,1,1,1,1,0,0,1,0,0,0.0,1,0,0,0,0,1,1,0
2024-06-21 03:54:00-04:00,0,0,0,0,0,0,0,0,0,0,0,0,0,0,0,0,1,1,1,1,1,1,0,0,1,0,0,0.0,0,0,0,0,0,1,1,0
2024-06-22 03:02:00-04:00,0,1,0,0,0,0,0,0,0,0,0,0,0,0,0,1,0,2,0,0,0,0,0,0,1,0,0,0.0,0,0,0,0,0,2,1,0
2024-06-20 21:05:00-04:00,0,0,0,0,0,0,0,0,0,0,0,0,0,0,0,0,0,0,1,1,1,1,0,0,1,0,0,0.0,0,0,0,0,0,2,1,0
2024-06-23 00:53:00-04:00,0,1,0,0,0,0,0,0,0,0,0,0,0,0,0,0,1,1,0,0,0,0,0,0,1,0,0,0.0,0,0,0,0,0,2,0,0
2024-06-22 22:53:00-04:00,0,0,0,0,0,0,0,0,0,0,0,0,0,0,0,0,0,0,0,0,0,0,0,0,1,0,0,0.0,0,0,0,0,0,1,1,0
2024-06-20 05:17:00-04:00,0,0,0,0,0,0,0,0,0,0,0,0,0,0,0,0,0,0,1,1,1,1,0,0,1,0,0,0.0,0,0,0,0,0,2,1,0
2024-06-22 19:07:00-04:00,0,0,0,0,0,0,0,0,0,0,0,0,0,0,0,0,1,1,0,0,0,0,0,0,1,0,0,0.0,0,0,0,0,0,1,1,0
2024-06-19 02:27:00-04:00,0,0,0,0,0,0,0,0,0,0,0,0,0,0,0,0,0,2,1,1,1,1,1,0,1,0,0,0.0,0,0,0,0,0,2,1,0
2024-06-18 14:40:00-04:00,0,0,0,0,0,0,0,0,0,0,0,0,0,0,0,0,0,0,0,0,0,0,0,0,1,0,0,0.0,0,0,0,0,0,1,1,0
2024-06-21 07:09:00-04:00,0,0,0,0,0,0,0,0,0,0,0,0,0,0,0,0,0,0,1,1,1,1,0,0,1,0,0,0.0,0,0,0,0,0,1,1,0
2024-06-22 11:38:00-04:00,0,0,0,0,0,0,0,0,0,0,0,0,0,0,0,0,1,1,0,0,0,0,0,0,1,0,0,0.0,0,0,0,0,0,1,1,0
2024-06-20 20:01:00-04:00,0,1,0,0,0,0,0,0,0,0,0,0,0,0,0,0,0,0,1,1,1,1,0,0,1,0,0,0.0,0,0,0,0,0,1,1,0
2024-06-23 08:03:00-04:00,0,1,0,0,0,0,0,0,0,0,0,0,0,0,0,0,0,0,0,0,0,0,0,0,1,0,0,0.0,0,0,0,2,0,2,1,0
2024-06-18 14:01:00-04:00,0,0,0,0,0,0,0,0,0,0,0,0,0,0,0,0,1,1,0,0,0,0,0,1,1,0,0,0.0,0,0,0,1,0,1,0,0
2024-06-20 09:44:00-04:00,0,0,0,0,0,0,0,0,0,0,0,0,0,0,0,1,0,2,1,1,1,1,1,0,1,0,0,0.0,0,0,0,0,0,1,1,0
2024-06-18 14:37:00-04:00,0,0,0,0,0,0,0,0,0,0,0,0,0,0,0,0,0,2,0,0,0,0,1,0,1,0,0,0.0,0,2,1,0,0,1,1,0
2024-06-20 11:14:00-04:00,0,0,0,0,0,0,0,0,0,0,0,0,0,0,0,0,0,2,1,1,1,1,1,0,1,0,0,0.0,0,0,0,0,0,1,0,0
2024-06-18 16:49:00-04:00,0,0,0,0,0,0,0,0,0,0,0,0,0,0,0,1,0,2,0,0,0,0,1,0,1,0,0,0.0,0,0,0,0,0,1,1,3
2024-06-18 21:09:00-04:00,0,0,0,0,0,0,0,0,0,2,0,0,0,0,0,0,0,2,0,0,0,0,1,0,1,0,0,0.0,0,0,0,2,0,1,1,0
2024-06-22 12:49:00-04:00,0,0,0,0,0,0,0,0,0,0,0,0,0,0,0,0,1,1,0,0,0,0,0,1,1,0,0,0.0,0,1,1,0,0,2,0,0
2024-06-18 12:04:00-04:00,0,0,0,0,0,0,0,0,0,0,0,0,0,0,0,0,1,1,0,0,0,0,0,0,1,0,0,0.0,0,0,0,1,0,2,0,4
2024-06-22 11:10:00-04:00,0,0,0,0,0,0,0,0,0,0,0,0,0,0,0,0,0,0,0,0,0,0,0,0,1,0,0,0.0,0,0,0,0,0,1,0,0
2024-06-21 20:40:00-04:00,0,0,0,0,0,0,0,0,0,0,0,0,0,0,0,0,1,1,1,1,1,1,0,1,1,0,0,0.0,1,0,0,0,0,2,0,0
2024-06-19 04:42:00-04:00,0,0,0,0,0,0,0,0,0,0,0,0,0,0,0,0,1,1,1,1,1,1,0,0,1,0,0,0.0,1,0,0,0,0,2,1,2
2024-06-19 20:07:00-04:00,0,0,0,0,0,0,0,0,0,0,0,0,0,0,0,0,1,1,0,0,0,0,0,0,1,0,0,0.0,0,1,1,0,0,2,0,0
2024-06-19 19:33:00-04:00,0,0,0,0,0,0,0,0,0,0,0,0,0,0,0,0,1,1,0,0,1,0,0,0,1,0,0,0.0,0,0,0,0,0,1,1,0
2024-06-19 08:21:00-04:00,0,0,0,0,0,0,0,0,0,0,0,0,0,0,0,0,0,0,1,1,1,1,0,0,1,0,0,0.0,1,0,0,0,0,2,1,0
2024-06-20 20:28:00-04:00,0,1,0,0,0,0,0,0,0,0,0,0,0,0,0,0,0,0,1,1,1,1,0,0,0,0,0,0.0,0,0,0,0,0,1,1,1
2024-06-21 20:32:00-04:00,0,0,0,0,0,0,0,0,0,0,0,0,0,0,0,0,1,1,1,1,1,1,0,0,1,0,0,0.0,0,0,0,0,0,2,0,0
2024-06-21 08:36:00-04:00,0,0,0,0,0,0,0,0,0,0,0,0,0,0,0,0,0,0,1,1,1,1,0,0,1,0,0,0.0,0,0,0,0,0,2,0,0
2024-06-21 07:47:00-04:00,0,0,0,0,0,0,0,0,0,0,0,0,0,0,0,0,1,1,1,1,1,1,0,0,1,0,0,0.0,0,0,0,0,0,2,1,0
2024-06-20 06:35:00-04:00,0,0,0,0,0,0,0,0,0,0,0,0,0,0,0,1,0,2,1,1,1,1,1,0,1,0,0,0.0,0,0,0,0,0,1,1,3
2024-06-20 14:38:00-04:00,0,0,1,0,0,0,0,0,0,0,0,0,0,0,0,0,1,1,1,1,1,1,0,1,1,0,0,0.0,0,0,0,0,0,1,1,0
2024-06-21 09:36:00-04:00,0,0,0,0,0,0,0,0,0,0,0,0,0,0,0,0,0,0,1,1,1,1,0,0,1,0,0,0.0,0,0,0,0,0,1,0,0
2024-06-20 22:36:00-04:00,0,0,0,0,0,0,0,0,0,0,0,0,0,0,0,0,1,1,1,1,1,1,0,1,1,0,0,0.0,0,0,0,0,0,1,0,0
2024-06-22 11:20:00-04:00,0,0,0,0,0,0,0,0,0,0,0,0,0,0,0,0,0,0,0,0,0,0,0,0,1,0,0,0.0,0,0,0,0,0,1,0,0
2024-06-22 14:18:00-04:00,0,0,0,0,0,0,0,0,0,0,0,0,0,0,0,0,1,1,0,0,0,0,0,0,1,0,0,0.0,0,0,0,0,0,2,0,0
2024-06-22 01:37:00-04:00,0,0,0,0,0,0,0,0,0,0,0,0,0,0,0,0,1,1,0,0,0,0,0,0,0,0,0,0.0,0,0,0,0,0,1,0,0
2024-06-19 05:49:00-04:00,0,0,0,0,0,0,0,0,0,0,0,0,0,0,0,0,1,1,1,1,1,1,0,0,1,0,0,0.0,0,0,0,0,0,1,0,0
2024-06-21 04:39:00-04:00,0,2,0,0,0,0,0,0,0,0,0,0,0,0,0,0,1,1,1,1,1,1,0,0,1,0,0,0.0,0,0,0,0,0,2,0,2
2024-06-19 13:33:00-04:00,0,0,0,0,0,0,0,0,0,0,0,0,0,0,0,0,1,1,1,1,1,1,0,1,1,0,0,0.0,0,0,0,0,0,1,0,0
2024-06-23 00:16:00-04:00,0,0,0,0,0,0,0,0,0,0,0,0,0,0,0,0,1,1,0,0,0,0,0,0,1,0,0,0.0,0,0,0,1,0,1,0,0
2024-06-20 09:05:00-04:00,0,0,0,0,0,0,0,0,0,0,0,0,0,0,0,0,1,1,1,1,1,1,0,0,1,0,0,0.0,0,0,0,0,0,2,0,0
2024-06-19 19:43:00-04:00,0,0,0,0,0,0,0,0,0,0,0,0,0,0,0,0,1,1,0,0,1,0,0,0,1,0,0,0.0,0,0,0,0,0,2,1,5
2024-06-22 18:34:00-04:00,0,0,0,0,0,0,0,0,0,0,0,0,0,0,0,0,0,0,0,0,0,0,0,0,1,0,0,0.0,0,0,0,2,0,2,0,4
2024-06-20 16:45:00-04:00,0,0,0,0,0,0,0,0,0,0,0,0,0,0,0,0,1,1,1,1,1,1,0,1,1,0,0,0.0,0,0,0,0,0,2,0,0
2024-06-22 19:37:00-04:00,0,0,0,0,0,0,0,0,1,1,0,0,0,0,0,0,1,1,0,0,0,0,0,1,1,0,0,0.0,0,0,0,0,0,2,0,0
2024-06-21 23:58:00-04:00,0,0,0,0,0,0,0,0,0,0,0,0,0,0,0,0,0,0,0,0,0,0,0,0,1,0,0,0.0,0,1,1,0,0,1,0,0
2024-06-23 03:16:00-04:00,0,0,0,0,0,0,0,0,0,0,0,0,0,0,0,0,0,2,0,0,0,0,1,0,1,0,0,0.0,0,0,0,0,0,1,1,0
2024-06-22 01:38:00-04:00,0,0,0,0,0,0,0,0,0,0,0,0,0,0,0,0,1,1,0,0,0,0,0,1,1,0,0,0.0,0,0,0,0,0,1,0,0
2024-06-22 16:34:00-04:00,0,0,0,0,0,0,0,0,0,0,0,0,0,0,0,0,0,0,0,0,0,0,0,0,1,0,0,0.0,0,0,0,0,0,2,0,0
2024-06-22 12:52:00-04:00,0,2,0,0,0,0,0,0,0,0,0,0,0,0,0,0,1,1,0,0,0,0,0,1,1,0,0,0.0,0,0,0,0,0,1,0,0
2024-06-22 02:46:00-04:00,0,0,0,0,0,0,0,0,0,0,0,0,0,0,0,0,1,1,0,0,0,0,0,0,1,0,0,0.0,0,0,0,0,0,2,1,0
2024-06-18 17:18:00-04:00,0,0,0,0,0,0,0,0,0,0,0,0,0,0,0,0,0,0,0,0,0,0,0,0,1,0,0,0.0,0,0,0,0,0,2,0,0
2024-06-21 08:04:00-04:00,0,0,0,0,0,0,0,0,0,0,0,0,0,0,0,0,0,0,1,1,1,1,0,0,1,0,0,0.0,0,0,0,0,0,1,0,0
2024-06-21 10:13:00-04:00,0,0,0,0,0,0,0,0,0,0,0,0,0,0,0,1,0,2,1,1,1,1,1,0,1,0,0,0.0,0,0,0,0,0,1,1,4
2024-06-21 15:52:00-04:00,0,0,0,0,0,0,0,0,0,0,0,0,0,0,0,0,1,1,1,1,1,1,0,0,1,0,0,0.0,0,0,0,0,0,2,1,0
2024-06-21 15:32:00-04:00,0,0,0,0,0,0,0,0,0,0,0,0,0,0,0,0,0,0,1,1,1,1,0,0,1,0,0,0.0,0,0,0,0,0,1,1,0
2024-06-23 08:25:00-04:00,0,0,0,0,0,0,0,0,0,0,0,0,0,0,0,0,1,1,0,0,0,0,0,0,1,0,0,0.0,0,0,0,0,0,2,0,0
2024-06-22 04:10:00-04:00,0,0,0,0,0,0,0,0,0,0,0,0,0,0,0,0,1,1,0,0,0,0,0,1,1,0,0,0.0,0,0,0,0,0,1,0,0
2024-06-18 11:31:00-04:00,0,0,0,0,0,0,0,0,0,0,0,0,0,0,0,0,0,0,0,0,0,0,0,0,1,0,0,0.0,0,0,0,0,0,2,1,0
2024-06-19 15:38:00-04:00,0,1,0,0,0,0,0,0,0,0,0,0,0,0,0,0,0,0,1,1,1,0,0,0,1,0,0,0.0,1,0,0,0,0,2,1,0
2024-06-19 08:46:00-04:00,0,2,0,0,0,0,0,0,0,0,0,0,0,0,0,0,0,0,1,1,1,1,0,0,1,0,0,0.0,0,0,0,0,0,2,0,2
2024-06-20 07:11:00-04:00,0,0,0,0,0,0,0,0,0,0,0,0,0,0,0,0,0,0,1,1,1,1,0,0,1,0,0,0.0,0,0,0,0,0,1,0,0
2024-06-21 07:25:00-04:00,0,0,0,0,0,0,0,0,0,0,0,0,0,0,0,0,0,2,1,1,1,1,1,0,1,0,0,0.0,0,0,0,0,0,1,1,0
2024-06-18 21:36:00-04:00,0,0,0,0,0,0,0,0,0,0,0,0,0,0,0,0,1,1,0,0,1,0,0,0,1,0,0,0.0,0,2,1,0,0,2,1,0
2024-06-19 06:23:00-04:00,0,0,0,0,0,0,0,0,0,0,0,0,0,0,0,0,0,0,1,1,1,1,0,0,1,0,0,0.0,1,0,0,0,0,1,0,1
2024-06-19 18:08:00-04:00,0,0,0,0,0,0,0,0,0,0,0,0,0,0,0,0,1,1,1,1,1,1,0,0,1,0,0,0.0,0,0,0,0,0,1,0,0
2024-06-21 12:04:00-04:00,0,0,0,0,0,0,0,0,0,0,0,0,0,0,0,0,0,0,1,1,1,1,0,0,1,0,0,0.0,0,0,0,0,0,1,1,0
2024-06-21 19:25:00-04:00,0,0,0,0,0,0,0,0,0,0,0,0,0,0,0,0,1,1,1,1,1,1,0,1,1,0,0,0.0,0,0,0,0,0,1,0,0
2024-06-23 03:30:00-04:00,0,0,0,0,0,0,0,0,0,0,0,0,0,0,0,0,0,0,0,0,0,0,0,0,1,0,0,0.0,0,0,0,0,0,2,0,0
2024-06-21 06:34:00-04:00,0,0,0,0,0,0,0,0,0,0,0,0,0,0,0,0,1,1,1,1,1,1,0,1,1,0,0,0.0,0,0,0,0,0,2,0,0
2024-06-22 16:17:00-04:00,0,0,0,0,0,0,0,0,0,0,0,0,0,0,0,0,1,1,0,0,0,0,0,0,1,0,0,0.0,0,1,1,0,0,1,0,0
2024-06-19 16:03:00-04:00,0,0,0,0,0,0,0,0,0,0,0,0,0,0,0,0,1,1,1,1,1,1,0,0,1,0,0,0.0,0,1,1,0,0,2,0,0
2024-06-18 15:10:00-04:00,0,0,0,0,0,0,0,0,0,0,0,0,0,0,0,0,1,1,0,0,0,0,0,0,1,0,0,0.0,0,0,0,0,0,1,1,0
2024-06-20 12:57:00-04:00,0,0,0,0,0,0,0,0,0,0,0,0,0,0,0,0,0,0,1,1,1,1,0,0,1,0,0,0.0,0,0,0,0,0,2,1,0
2024-06-23 11:01:00-04:00,0,0,0,0,0,0,0,0,0,0,0,0,0,0,0,0,1,1,0,0,0,0,0,1,1,0,0,0.0,0,0,0,1,0,1,1,1
2024-06-23 00:55:00-04:00,0,0,0,0,0,0,0,0,0,0,0,0,0,0,0,0,1,1,0,0,0,0,0,0,1,0,0,0.0,0,0,0,0,0,1,1,0
2024-06-19 07:13:00-04:00,0,0,0,0,0,0,0,0,0,0,0,0,0,0,0,0,1,1,1,1,1,1,0,0,1,0,0,0.0,0,0,0,1,0,2,0,0
2024-06-19 15:41:00-04:00,0,0,0,0,0,0,0,0,0,0,0,0,0,0,0,0,0,0,1,1,1,0,0,0,1,0,0,0.0,1,0,0,0,0,2,0,3
2024-06-22 17:39:00-04:00,0,0,0,0,0,0,0,0,1,1,0,0,0,0,0,0,1,1,0,0,0,0,0,0,1,0,0,0.0,0,0,0,1,0,2,1,0
2024-06-19 18:16:00-04:00,0,0,0,0,0,0,0,0,0,0,0,0,0,0,0,0,1,1,1,1,1,1,0,0,1,0,0,0.0,0,0,0,0,0,2,1,0
2024-06-21 13:21:00-04:00,0,0,0,0,0,0,0,0,0,0,0,0,0,0,0,0,1,1,1,1,1,1,0,1,1,0,0,0.0,0,0,0,0,0,1,0,0
2024-06-20 07:45:00-04:00,0,0,0,0,0,0,0,0,0,0,0,0,0,0,0,0,1,1,1,1,1,1,0,1,1,0,0,0.0,0,0,0,0,0,1,1,0
2024-06-22 21:46:00-04:00,0,0,0,0,0,0,0,0,0,0,0,0,0,0,0,1,0,2,0,0,0,0,1,0,1,0,0,0.0,0,0,0,0,0,1,1,2
2024-06-23 05:23:00-04:00,0,1,0,0,0,0,0,0,0,0,0,0,0,0,0,0,0,0,0,0,0,0,0,0,1,0,0,0.0,0,0,0,0,0,1,1,0
2024-06-19 04:05:00-04:00,0,0,0,0,0,0,0,0,0,0,0,0,0,0,0,0,0,2,1,1,1,1,1,0,1,0,0,0.0,0,0,0,0,0,2,0,0
2024-06-19 17:28:00-04:00,0,0,0,0,0,0,0,0,0,0,0,0,0,0,0,0,0,2,1,1,1,0,1,0,1,0,0,0.0,0,0,0,0,0,1,0,0
2024-06-20 06:11:00-04:00,0,0,0,0,0,0,0,0,0,0,0,0,0,0,0,0,0,0,1,1,1,1,0,0,1,0,0,0.0,0,2,1,0,0,2,1,0
2024-06-23 09:18:00-04:00,0,0,0,0,0,0,0,0,0,0,0,0,0,0,0,0,1,1,0,0,0,0,0,1,1,0,0,0.0,0,0,0,1,0,1,0,1
2024-06-19 14:57:00-04:00,0,0,0,0,0,0,0,0,0,0,0,0,0,0,0,0,1,1,1,1,1,1,0,0,1,0,0,0.0,0,0,0,0,0,1,0,2
2024-06-19 13:57:00-04:00,0,0,0,0,0,0,0,0,0,0,0,0,0,0,0,0,1,1,1,1,1,1,0,0,0,0,0,0.0,0,0,0,0,0,2,0,0
2024-06-20 09:30:00-04:00,0,0,0,0,0,0,0,0,0,0,0,0,0,0,0,0,1,1,1,1,1,1,0,0,1,0,0,0.0,0,0,0,0,0,2,0,0
2024-06-22 22:48:00-04:00,0,0,0,0,0,0,0,0,0,0,0,0,0,0,0,0,1,1,0,0,0,0,0,0,1,0,0,0.0,0,0,0,0,0,2,1,3
2024-06-23 04:19:00-04:00,0,0,0,0,0,0,0,0,0,0,0,0,0,0,0,0,0,1,0,0,0,0,0,1,1,0,0,0.0,0,0,0,0,0,1,0,1
2024-06-19 21:02:00-04:00,0,0,0,0,0,0,0,0,0,0,0,0,0,0,0,0,0,2,0,0,1,0,1,0,1,0,0,0.0,0,0,0,0,0,1,0,0
2024-06-22 09:42:00-04:00,0,0,0,0,0,0,0,0,0,0,0,0,0,0,0,0,0,2,0,0,0,0,1,0,1,0,0,0.0,0,0,0,0,0,2,0,0
2024-06-19 06:34:00-04:00,0,0,0,0,0,0,0,0,0,0,0,0,0,0,0,1,0,2,1,1,1,1,0,0,1,0,0,0.0,0,0,0,2,0,1,1,0
2024-06-19 02:05:00-04:00,0,0,0,0,0,0,0,0,0,0,0,0,0,0,0,0,1,1,1,1,1,1,0,0,1,0,0,0.0,1,0,0,0,0,1,0,0
2024-06-23 07:43:00-04:00,0,0,0,0,0,0,0,0,0,0,0,0,0,0,0,0,1,1,0,0,0,0,0,0,1,0,0,0.0,0,0,0,0,0,1,0,0
2024-06-18 15:26:00-04:00,0,0,0,0,0,0,0,0,0,0,0,0,0,0,0,0,0,0,0,0,0,0,0,0,1,0,0,0.0,0,0,0,0,0,1,0,0
2024-06-21 12:55:00-04:00,0,0,0,0,0,0,0,0,0,0,0,0,0,0,0,0,1,1,1,1,1,1,0,0,1,0,0,0.0,0,1,1,0,0,1,0,2
2024-06-22 20:27:00-04:00,0,0,0,0,0,0,0,0,0,2,0,0,0,0,0,0,0,2,0,0,0,0,1,0,1,0,0,0.0,0,0,0,0,0,1,1,3
2024-06-19 06:11:00-04:00,0,0,0,0,0,0,0,0,0,0,0,0,0,0,0,0,0,0,1,1,1,1,0,0,1,0,0,0.0,0,0,0,0,0,1,0,0
2024-06-19 03:09:00-04:00,0,0,0,0,0,0,0,0,0,0,0,0,0,0,0,0,0,0,1,1,1,1,0,0,0,0,0,0.0,0,0,0,0,0,1,0,0
2024-06-20 08:10:00-04:00,0,0,0,0,0,0,0,0,0,0,0,0,0,0,0,0,1,1,1,1,1,1,0,1,1,0,0,0.0,0,0,0,0,0,1,1,0
2024-06-22 07:50:00-04:00,0,0,0,0,0,0,0,0,0,0,0,0,0,0,0,1,0,2,0,0,0,0,1,0,1,0,0,0.0,0,0,0,0,0,1,1,2
2024-06-19 23:05:00-04:00,0,0,0,0,0,0,0,0,1,1,0,0,0,0,0,0,1,1,0,0,0,0,0,0,1,0,0,0.0,0,0,0,0,0,2,0,0
2024-06-19 08:55:00-04:00,0,0,0,0,0,0,0,0,0,0,0,0,0,0,0,0,0,0,1,1,1,1,0,0,1,0,0,0.0,0,0,0,0,0,2,1,0
2024-06-18 15:03:00-04:00,0,0,0,0,0,0,0,0,0,0,0,0,0,0,0,0,1,1,0,0,0,0,0,1,1,0,0,0.0,0,0,0,0,0,2,0,0
2024-06-22 19:56:00-04:00,0,0,0,0,0,0,0,0,0,0,0,0,0,0,0,0,0,0,0,0,0,0,0,0,1,0,0,0.0,0,0,0,0,0,1,0,0
2024-06-20 07:31:00-04:00,0,0,0,0,0,0,0,0,0,0,0,0,0,0,0,0,1,1,1,1,1,1,0,0,1,0,0,0.0,0,0,0,0,0,1,0,0
2024-06-21 02:39:00-04:00,0,0,0,0,0,0,0,0,0,0,0,0,0,0,0,0,1,1,1,1,1,1,0,0,1,0,0,0.0,0,0,0,0,0,2,1,0
2024-06-20 03:24:00-04:00,0,0,0,0,0,0,0,0,0,0,0,0,0,0,0,0,0,0,1,1,1,1,0,0,1,0,0,0.0,0,0,0,0,0,2,0,0
2024-06-22 09:44:00-04:00,0,0,0,0,0,0,0,0,0,0,0,0,0,0,0,0,1,1,0,0,0,0,0,0,1,0,0,0.0,0,0,0,0,0,2,0,0
2024-06-21 08:58:00-04:00,0,0,0,0,0,0,0,0,0,0,0,0,0,0,0,0,1,1,1,1,1,1,0,0,1,0,0,0.0,0,0,0,0,0,2,1,0
2024-06-20 14:02:00-04:00,0,0,0,0,0,0,0,0,0,0,0,0,0,0,0,0,0,2,1,1,1,1,1,0,1,0,0,0.0,0,0,0,0,0,2,1,0
2024-06-22 17:42:00-04:00,0,0,0,0,0,0,0,0,1,1,0,0,0,0,0,0,1,1,0,0,0,0,0,0,1,0,0,0.0,0,0,0,1,0,1,1,0
2024-06-21 07:40:00-04:00,0,0,0,0,0,0,0,0,0,0,0,0,0,0,0,0,1,1,1,1,1,1,0,1,1,0,0,0.0,0,0,0,0,0,2,0,0
2024-06-19 22:14:00-04:00,0,1,0,0,0,0,0,0,0,0,0,0,0,0,0,0,1,1,0,0,1,0,0,0,1,0,0,0.0,0,0,0,0,0,1,1,0
2024-06-18 12:59:00-04:00,0,0,0,0,0,0,0,0,0,0,0,0,0,0,0,1,0,2,0,0,0,0,1,0,1,0,0,0.0,0,0,0,0,0,1,1,3
2024-06-21 18:24:00-04:00,0,0,0,0,0,0,0,0,0,0,0,0,0,0,0,0,1,1,1,1,1,1,0,0,1,0,0,0.0,0,0,0,0,0,2,1,0
2024-06-18 13:54:00-04:00,0,0,0,0,0,0,0,0,0,0,0,0,0,0,0,0,1,1,0,0,0,0,0,1,1,0,0,0.0,0,0,0,0,0,1,1,1
2024-06-21 06:14:00-04:00,0,0,0,0,0,0,0,0,0,0,0,0,0,0,0,0,0,0,1,1,1,1,0,0,1,0,0,0.0,0,0,0,0,0,1,0,0
2024-06-21 20:21:00-04:00,0,0,0,0,0,0,0,0,0,0,0,0,0,0,0,0,1,1,1,1,1,1,0,0,1,0,0,0.0,0,0,0,0,0,1,1,0
2024-06-21 02:50:00-04:00,0,0,0,0,0,0,0,0,0,0,0,0,0,0,0,0,1,1,1,1,1,1,0,1,1,0,0,0.0,0,0,0,0,0,2,0,0
2024-06-19 20:56:00-04:00,0,0,0,0,0,0,0,0,0,0,0,0,0,0,0,0,1,1,0,0,1,0,0,0,1,0,0,0.0,0,0,0,0,0,1,0,2
2024-06-19 15:23:00-04:00,0,0,0,0,0,0,0,0,0,0,0,0,0,0,0,0,1,1,1,1,1,1,0,1,1,0,0,0.0,0,0,0,1,0,2,0,0
2024-06-22 09:25:00-04:00,0,0,0,0,0,0,0,0,0,0,0,0,0,0,0,0,1,1,0,0,0,0,0,0,1,0,0,0.0,0,0,0,0,0,2,1,0
2024-06-19 23:33:00-04:00,0,0,0,0,0,0,0,0,0,0,0,0,0,0,0,0,0,2,0,0,0,0,1,0,1,0,0,0.0,0,0,0,2,0,1,1,0
2024-06-18 22:10:00-04:00,0,1,0,0,0,0,0,0,0,0,0,0,0,0,0,0,0,0,1,0,1,0,0,0,1,0,0,0.0,1,0,0,2,0,1,1,0
2024-06-20 15:28:00-04:00,0,0,0,0,0,0,0,0,0,0,0,0,0,0,0,0,0,0,1,1,1,1,0,0,1,0,0,0.0,0,0,0,0,0,1,1,0
2024-06-23 10:31:00-04:00,0,0,0,0,0,0,0,0,0,0,0,0,0,0,0,0,0,0,0,0,0,0,0,0,1,0,0,0.0,0,0,0,0,0,2,0,0
2024-06-20 04:30:00-04:00,0,0,0,0,0,0,0,0,0,0,0,0,0,0,0,0,1,1,1,1,1,1,0,1,1,0,0,0.0,0,0,0,0,0,2,0,0
2024-06-19 01:05:00-04:00,0,0,0,0,0,0,0,0,0,0,0,0,0,0,0,0,1,1,1,1,1,1,0,0,1,0,0,0.0,1,2,1,0,0,2,1,0
2024-06-19 01:41:00-04:00,0,0,0,0,0,0,0,0,0,0,0,0,0,0,0,0,0,0,1,1,1,1,0,0,0,0,0,0.0,0,0,0,0,0,2,0,0
2024-06-22 12:10:00-04:00,0,0,0,0,0,0,0,0,0,0,0,0,0,0,0,0,1,1,0,0,0,0,0,1,0,0,0,0.0,0,0,0,0,0,2,0,0
2024-06-22 22:46:00-04:00,0,0,0,0,0,0,0,0,0,0,0,0,0,0,0,0,1,1,0,0,0,0,0,0,1,0,0,0.0,0,0,0,0,0,1,1,0
2024-06-19 13:25:00-04:00,0,0,0,0,0,0,0,0,0,0,0,0,0,0,0,0,0,0,1,1,1,1,0,0,1,0,0,0.0,0,0,0,0,0,1,1,0
2024-06-22 12:23:00-04:00,0,2,0,0,0,0,0,0,0,0,0,0,0,0,0,0,1,1,0,0,0,0,0,1,1,0,0,0.0,0,0,0,0,0,1,0,3
2024-06-20 10:05:00-04:00,0,0,0,0,0,0,0,0,0,0,0,0,0,0,0,0,1,1,1,1,1,1,0,1,1,0,0,0.0,0,0,0,0,0,2,1,0
2024-06-23 03:09:00-04:00,0,0,0,0,0,0,0,0,0,0,0,0,0,0,0,0,0,0,0,0,0,0,0,0,1,0,0,0.0,0,0,0,0,0,1,1,0
2024-06-20 11:32:00-04:00,0,0,0,0,0,0,0,0,0,0,0,0,0,0,0,0,0,0,1,1,1,1,0,0,1,0,0,0.0,0,0,0,0,0,1,0,0
2024-06-21 23:16:00-04:00,0,0,0,0,0,0,0,0,0,0,0,0,0,0,0,0,1,1,1,1,1,1,0,1,0,0,0,0.0,1,0,0,0,0,1,0,1
2024-06-18 14:08:00-04:00,0,0,0,0,0,0,0,0,0,0,0,0,0,0,0,0,1,1,0,0,0,0,0,0,1,0,0,0.0,0,0,0,0,0,2,1,5
2024-06-19 13:17:00-04:00,0,0,0,0,0,0,0,0,0,0,0,0,0,0,0,0,0,2,1,1,1,1,1,0,1,0,0,0.0,0,0,0,2,0,2,1,0
2024-06-19 04:09:00-04:00,0,0,0,0,0,0,0,0,0,0,0,0,0,0,0,0,0,0,1,1,1,1,0,0,1,0,0,0.0,0,0,0,0,0,1,1,0
2024-06-21 00:01:00-04:00,0,0,0,0,0,0,0,0,0,0,0,0,0,0,0,0,1,1,1,1,1,1,0,1,1,0,0,0.0,0,0,0,0,0,1,0,0
2024-06-20 07:26:00-04:00,0,0,0,0,0,0,0,0,0,0,0,0,0,0,0,0,1,1,1,1,1,1,0,0,1,0,0,0.0,0,0,0,0,0,1,1,0
2024-06-18 22:03:00-04:00,0,0,0,0,0,0,0,0,0,0,0,0,0,0,0,0,0,0,0,0,0,0,0,0,1,0,0,0.0,0,0,0,0,0,1,1,3
2024-06-23 08:27:00-04:00,0,2,0,0,0,0,0,0,0,0,0,0,0,0,0,0,1,1,0,0,0,0,0,0,1,0,0,0.0,0,0,0,0,0,1,0,3
2024-06-21 11:44:00-04:00,0,0,0,0,0,0,0,0,0,0,0,0,0,0,0,0,1,1,1,1,1,1,0,0,1,0,0,0.0,0,0,0,0,0,2,1,0
2024-06-21 00:38:00-04:00,0,0,0,0,0,0,0,0,0,0,0,0,0,0,0,0,0,0,1,1,1,1,0,0,1,0,0,0.0,0,0,0,0,0,2,0,0
2024-06-18 15:58:00-04:00,0,0,0,0,0,0,0,0,0,0,0,0,0,0,0,1,0,2,0,0,0,0,1,0,1,0,0,0.0,0,0,0,2,0,1,1,0
2024-06-23 03:29:00-04:00,0,1,0,0,0,0,0,0,0,0,0,0,0,0,0,0,0,2,0,0,0,0,1,0,1,0,0,0.0,0,0,0,2,0,2,1,0
2024-06-22 22:41:00-04:00,0,0,0,0,0,0,0,0,0,0,0,0,0,0,0,0,1,1,0,0,0,0,0,1,1,0,0,0.0,0,0,0,0,0,2,0,0
2024-06-23 09:06:00-04:00,0,0,0,0,0,0,0,0,0,0,0,0,0,0,0,0,0,0,0,0,0,0,0,0,1,0,0,0.0,0,0,0,0,0,2,1,0
2024-06-23 00:23:00-04:00,0,0,0,0,0,0,0,0,0,0,0,0,0,0,0,0,1,1,0,0,0,0,0,0,1,0,0,0.0,0,2,1,0,0,1,1,2
2024-06-20 15:50:00-04:00,0,2,0,0,0,0,0,0,0,0,0,0,0,0,0,0,0,0,1,1,1,1,0,0,1,0,0,0.0,0,1,1,0,0,1,0,0
2024-06-21 15:44:00-04:00,0,1,0,0,0,0,0,0,0,0,0,0,0,0,0,0,0,0,1,1,1,1,0,0,1,0,0,0.0,0,0,0,0,0,2,1,0
2024-06-22 01:49:00-04:00,0,0,0,0,0,0,0,0,0,0,0,0,0,0,0,0,1,1,0,0,0,0,0,0,1,0,0,0.0,0,0,0,0,0,2,0,0
2024-06-22 00:48:00-04:00,0,0,0,0,0,0,0,0,0,0,0,0,0,0,0,0,1,1,0,0,0,0,0,0,1,0,0,0.0,0,0,0,0,0,2,0,0
2024-06-19 07:01:00-04:00,0,0,0,0,0,0,0,0,0,0,0,0,0,0,0,0,0,0,1,1,1,1,0,0,1,0,0,0.0,0,0,0,0,0,2,0,0
2024-06-21 06:56:00-04:00,0,0,0,0,0,0,0,0,0,0,0,0,0,0,0,0,1,1,1,1,1,1,0,1,1,0,0,0.0,0,0,0,0,0,2,1,0
2024-06-22 23:41:00-04:00,0,0,0,0,0,0,0,0,0,0,0,0,0,0,0,0,0,0,0,0,0,0,0,0,1,0,0,0.0,0,0,0,0,0,1,0,0
2024-06-22 08:11:00-04:00,0,0,0,0,0,0,0,0,0,0,0,0,0,0,0,0,0,2,0,0,0,0,1,0,1,0,0,0.0,0,0,0,0,0,2,1,0
2024-06-21 22:48:00-04:00,0,0,0,0,0,0,0,0,0,0,0,0,0,0,0,0,1,1,1,1,1,1,0,1,1,0,0,0.0,0,0,0,0,0,1,0,0
2024-06-23 06:29:00-04:00,0,0,0,0,0,0,0,0,0,0,0,0,0,0,0,0,1,1,0,0,0,0,0,1,1,0,0,0.0,0,0,0,0,0,1,1,0
2024-06-23 02:40:00-04:00,0,0,0,0,0,0,0,0,0,0,0,0,0,0,0,0,0,0,0,0,0,0,0,0,1,0,0,0.0,0,0,0,0,0,2,1,0
2024-06-22 02:34:00-04:00,0,0,0,0,0,0,0,0,0,0,0,0,0,0,0,0,1,1,0,0,0,0,0,1,1,0,0,0.0,0,0,0,0,0,2,1,4
2024-06-21 05:29:00-04:00,0,0,0,0,0,0,0,0,0,0,0,0,0,0,0,0,0,2,1,1,1,1,1,0,1,0,0,0.0,0,0,0,0,0,1,0,0
2024-06-19 19:04:00-04:00,0,0,0,0,0,0,0,0,0,0,0,0,0,0,0,0,1,1,0,0,1,0,0,0,1,0,0,0.0,0,0,0,0,0,2,0,0
2024-06-18 13:02:00-04:00,0,0,0,0,0,0,0,0,0,0,0,0,0,0,0,1,0,2,0,0,0,0,1,0,1,0,0,0.0,0,0,0,0,0,1,0,0
2024-06-21 14:27:00-04:00,0,0,0,0,0,0,0,0,0,0,0,0,0,0,0,0,0,0,1,1,1,1,0,0,1,0,0,0.0,0,0,0,0,0,1,1,0
2024-06-23 09:23:00-04:00,0,0,0,0,0,0,0,0,0,0,0,0,0,0,0,0,1,1,0,0,0,0,0,1,1,0,0,0.0,0,0,0,0,0,2,1,0
2024-06-18 14:55:00-04:00,0,0,0,0,0,0,0,0,0,0,0,0,0,0,0,0,1,1,0,0,0,0,0,1,1,0,0,0.0,0,0,0,0,0,1,0,0
2024-06-22 10:21:00-04:00,0,0,0,0,0,0,0,0,0,0,0,0,0,0,0,0,0,0,0,0,0,0,0,0,1,0,0,0.0,0,0,0,0,0,2,1,0
2024-06-19 06:07:00-04:00,0,0,0,0,0,0,0,0,0,0,0,0,0,0,0,0,0,0,1,1,1,1,0,0,1,0,0,0.0,1,0,0,0,0,2,0,0
2024-06-19 15:30:00-04:00,0,0,0,0,0,0,0,0,0,0,0,0,0,0,0,0,1,1,1,1,1,0,0,0,1,0,0,0.0,1,0,0,0,0,2,0,4
2024-06-21 07:02:00-04:00,0,0,0,0,0,0,0,0,0,0,0,0,0,0,0,0,0,0,1,1,1,1,0,0,1,0,0,0.0,0,0,0,0,0,1,1,0
2024-06-21 02:53:00-04:00,0,0,0,0,0,0,0,0,0,0,0,0,0,0,0,0,1,1,1,1,1,1,0,0,1,0,0,0.0,0,0,0,0,0,2,1,0
2024-06-20 11:19:00-04:00,0,0,0,0,0,0,0,0,0,0,0,0,0,0,0,0,1,1,1,1,1,1,0,0,1,0,0,0.0,1,0,0,0,0,1,1,2
2024-06-20 04:21:00-04:00,0,0,0,0,0,0,0,0,0,0,0,0,0,0,0,0,1,1,1,1,1,1,0,0,1,0,0,0.0,0,2,1,0,0,1,1,3
2024-06-20 16:43:00-04:00,0,0,0,0,0,0,0,0,0,0,0,0,0,0,0,0,1,1,1,1,1,1,0,1,1,0,0,0.0,0,0,0,0,0,2,1,0
2024-06-22 05:53:00-04:00,0,0,0,0,0,0,0,0,0,0,0,0,0,0,0,0,0,0,0,0,0,0,0,0,1,0,0,0.0,0,0,0,0,0,2,1,0
2024-06-21 07:10:00-04:00,0,0,0,0,0,0,0,0,0,0,0,0,0,0,0,0,0,2,1,1,1,1,1,0,1,0,0,0.0,0,0,0,0,0,2,1,0
2024-06-21 20:00:00-04:00,0,0,0,0,0,0,0,0,0,0,0,0,0,0,0,0,1,1,1,1,1,1,0,0,1,0,0,0.0,0,1,1,0,0,2,0,0
2024-06-22 02:13:00-04:00,0,0,0,0,0,0,0,0,0,0,0,0,0,0,0,0,0,0,0,0,0,0,0,0,0,0,0,0.0,0,0,0,0,0,1,1,0
2024-06-19 22:08:00-04:00,0,0,0,0,0,0,0,0,0,0,0,0,0,0,0,0,1,1,0,0,1,0,0,0,1,0,0,0.0,0,0,0,0,0,2,1,0
2024-06-19 17:20:00-04:00,0,0,0,0,0,0,0,0,0,0,0,0,0,0,0,0,0,2,1,0,1,0,1,0,1,0,0,0.0,0,0,0,0,0,1,0,0
2024-06-21 14:53:00-04:00,0,0,0,0,0,0,0,0,0,0,0,0,0,0,0,0,0,2,1,1,1,1,1,0,1,0,0,0.0,0,0,0,0,0,1,1,0
2024-06-23 09:24:00-04:00,0,0,0,0,0,0,0,0,0,0,0,0,0,0,0,0,1,1,0,0,0,0,0,1,1,0,0,0.0,0,0,0,0,0,1,0,0
2024-06-20 05:16:00-04:00,0,0,0,0,0,0,0,0,0,0,0,0,0,0,0,0,0,0,1,1,1,1,0,0,1,0,0,0.0,0,0,0,0,0,1,0,0
2024-06-22 05:14:00-04:00,0,0,0,0,0,0,0,0,0,0,0,0,0,0,0,0,1,1,0,0,0,0,0,0,1,0,0,0.0,0,0,0,0,0,2,0,0
2024-06-23 07:53:00-04:00,0,0,0,0,0,0,0,0,0,0,0,0,0,0,0,1,0,2,0,0,0,0,1,0,1,0,0,0.0,0,0,0,0,0,2,1,0
2024-06-22 03:04:00-04:00,0,0,0,0,0,0,0,0,0,0,0,0,0,0,0,0,0,0,0,0,0,0,0,0,1,0,0,0.0,0,0,0,0,0,2,0,0
2024-06-23 10:18:00-04:00,0,0,0,0,0,0,0,0,0,0,0,0,0,0,0,0,1,1,0,0,0,0,0,1,1,0,0,0.0,0,0,0,0,0,1,1,0
2024-06-19 21:40:00-04:00,0,0,0,0,0,0,0,0,0,0,0,0,0,0,0,0,0,0,1,1,1,0,0,0,0,0,0,0.0,1,0,0,0,0,1,0,1
2024-06-18 14:26:00-04:00,0,0,0,0,0,0,0,0,0,0,0,0,0,0,0,0,0,2,0,0,0,0,1,0,1,0,0,0.0,0,0,0,0,0,2,1,0
2024-06-20 20:08:00-04:00,0,0,0,0,0,0,0,0,0,0,0,0,0,0,0,0,1,1,1,1,1,1,0,1,1,0,0,0.0,0,0,0,0,0,2,0,0
2024-06-19 21:44:00-04:00,0,0,0,0,0,0,0,0,0,0,0,0,0,0,0,0,1,1,1,1,1,1,0,0,1,0,0,0.0,1,2,1,0,0,2,0,0
2024-06-19 20:32:00-04:00,0,0,0,0,0,0,0,0,0,0,0,0,0,0,0,0,0,2,0,0,1,0,1,0,1,0,0,0.0,0,0,0,0,0,1,0,5
2024-06-23 03:04:00-04:00,0,0,0,0,0,0,0,0,0,0,0,0,0,0,0,0,0,0,0,0,0,0,0,0,1,0,0,0.0,0,1,1,0,0,2,0,0
2024-06-20 12:30:00-04:00,0,0,0,0,0,0,0,0,0,0,0,0,0,0,0,0,0,0,1,1,1,1,0,0,0,0,0,0.0,1,0,0,0,0,1,1,0
2024-06-18 12:58:00-04:00,0,0,0,0,0,0,0,0,0,0,0,0,0,0,0,1,0,2,0,0,0,0,1,0,1,0,0,0.0,0,0,0,0,0,2,1,2
2024-06-22 12:25:00-04:00,0,0,0,0,0,0,0,0,0,0,0,0,0,0,0,0,1,1,0,0,0,0,0,0,1,0,0,0.0,0,0,0,0,0,2,1,0
2024-06-21 03:29:00-04:00,0,0,0,0,0,0,0,0,0,0,0,0,0,0,0,1,0,2,1,1,1,1,0,0,1,0,0,0.0,0,0,0,0,0,2,0,2
2024-06-21 23:44:00-04:00,0,0,0,0,0,0,0,0,0,0,0,0,0,0,0,0,1,1,0,0,0,0,0,0,1,0,0,0.0,0,0,0,0,0,1,1,0
2024-06-23 02:59:00-04:00,0,0,0,0,0,0,0,0,0,0,0,0,0,0,0,0,0,0,0,0,0,0,0,0,1,0,0,0.0,0,0,0,0,0,1,0,0
2024-06-18 12:43:00-04:00,0,0,0,0,0,0,0,0,0,0,0,0,0,0,0,0,1,1,0,0,0,0,0,1,1,0,0,0.0,0,0,0,0,0,1,1,1
2024-06-20 02:11:00-04:00,0,0,0,0,0,0,0,0,0,0,0,0,0,0,0,1,0,2,1,1,1,0,1,0,1,0,0,0.0,0,0,0,0,0,1,1,0
2024-06-20 07:41:00-04:00,0,0,0,0,0,0,0,0,0,0,0,0,0,0,0,0,1,1,1,1,1,1,0,0,1,0,0,0.0,0,0,0,1,0,2,0,0
2024-06-20 05:12:00-04:00,0,2,0,0,0,0,0,0,0,0,0,0,0,0,0,0,0,0,1,1,1,1,0,0,1,0,0,0.0,0,0,0,0,0,1,0,0
2024-06-21 11:04:00-04:00,0,1,0,0,0,0,0,0,0,0,0,0,0,0,0,0,0,0,1,1,1,1,0,0,1,0,0,0.0,0,0,0,0,0,2,1,0
2024-06-18 14:10:00-04:00,0,0,0,0,0,0,0,0,0,0,0,0,0,0,0,0,0,0,0,0,0,0,0,0,1,0,0,0.0,0,0,0,0,0,1,1,0
2024-06-22 01:40:00-04:00,0,2,0,0,0,0,0,0,0,0,0,0,0,0,0,0,1,1,0,0,0,0,0,0,1,0,0,0.0,0,0,0,0,0,2,0,4
2024-06-22 03:31:00-04:00,0,1,0,0,0,0,0,0,0,0,0,0,0,0,0,0,0,2,0,0,0,0,1,0,1,0,0,0.0,0,0,0,0,0,2,1,0
2024-06-19 12:56:00-04:00,0,0,0,0,0,0,0,0,0,0,0,0,0,0,0,0,1,1,1,1,1,1,0,0,1,0,0,0.0,0,0,0,0,0,1,1,0
2024-06-19 23:21:00-04:00,0,0,0,0,0,0,0,0,0,1,0,0,0,0,0,0,0,2,0,0,0,0,1,0,1,0,0,0.0,0,0,0,0,0,1,1,5
2024-06-19 12:35:00-04:00,0,0,0,0,0,0,0,0,0,0,0,0,0,0,0,0,1,1,1,1,1,1,0,0,1,0,0,0.0,0,0,0,0,0,1,1,0
2024-06-20 17:52:00-04:00,0,2,0,0,0,0,0,0,0,0,0,0,0,0,0,0,1,1,1,1,1,1,0,1,1,0,0,0.0,0,0,0,1,0,2,0,0
2024-06-20 00:33:00-04:00,0,0,0,0,0,0,0,0,0,0,0,0,0,0,0,1,0,2,0,0,0,0,1,0,1,0,0,0.0,1,0,0,0,0,1,1,0
2024-06-23 03:43:00-04:00,0,0,0,0,0,0,0,0,0,0,0,0,0,0,0,0,0,0,0,0,0,0,0,0,1,0,0,0.0,0,2,1,0,0,2,1,0
2024-06-20 00:18:00-04:00,0,0,0,0,0,0,0,0,0,0,0,0,0,0,0,0,1,1,0,0,0,0,0,0,1,0,0,0.0,0,0,0,0,0,1,1,0
2024-06-19 16:48:00-04:00,0,0,0,0,0,0,0,0,0,0,0,0,0,0,0,0,0,0,1,0,1,0,0,0,1,0,0,0.0,0,0,0,0,0,2,1,2
2024-06-19 21:13:00-04:00,0,0,0,0,0,0,0,0,0,0,0,0,0,0,0,0,0,2,1,0,1,0,1,0,1,0,0,0.0,1,0,0,0,0,1,1,0
2024-06-22 02:07:00-04:00,0,1,0,0,0,0,0,0,0,0,0,0,0,0,0,0,0,0,0,0,0,0,0,0,1,0,0,0.0,0,0,0,0,0,1,1,0
2024-06-20 02:16:00-04:00,0,0,0,0,0,0,0,0,0,0,0,0,0,0,0,0,0,0,1,1,1,0,0,0,0,0,0,0.0,0,0,0,0,0,1,0,0
2024-06-22 12:39:00-04:00,0,0,0,0,0,0,0,0,0,0,0,0,0,0,0,0,0,0,0,0,0,0,0,0,1,0,0,0.0,0,0,0,0,0,1,0,0
2024-06-20 19:43:00-04:00,0,0,0,0,0,0,0,0,0,0,0,0,0,0,0,0,1,1,1,1,1,1,0,0,1,0,0,0.0,0,1,1,0,0,1,0,0
2024-06-23 04:50:00-04:00,0,0,0,0,0,0,0,0,0,0,0,0,0,0,0,0,0,2,0,0,0,0,1,0,1,0,0,0.0,0,0,0,2,0,1,1,0
2024-06-18 17:19:00-04:00,0,0,0,0,0,0,0,0,0,0,0,0,0,0,0,0,0,2,0,0,0,0,1,0,1,0,0,0.0,0,0,0,2,0,1,1,0
2024-06-20 11:30:00-04:00,0,0,0,0,0,0,0,0,0,0,0,0,0,0,0,0,1,1,1,1,1,1,0,0,1,0,0,0.0,0,1,1,0,0,2,0,0
2024-06-22 07:22:00-04:00,0,0,0,0,0,0,0,0,0,0,0,0,0,0,0,0,0,2,0,0,0,0,1,0,1,0,0,0.0,0,2,1,0,0,1,1,0
2024-06-20 10:50:00-04:00,0,0,0,0,0,0,0,0,0,0,0,0,0,0,0,0,0,0,1,0,1,0,0,0,1,0,0,0.0,0,0,0,0,0,1,1,0
2024-06-18 23:34:00-04:00,0,2,0,0,0,0,0,0,0,0,0,0,0,0,0,0,1,1,1,0,1,0,0,0,1,0,0,0.0,1,0,0,0,0,1,0,2
2024-06-21 16:44:00-04:00,0,0,0,0,0,0,0,0,0,0,0,0,0,0,0,0,1,1,1,1,1,1,0,0,1,0,0,0.0,0,0,0,0,0,2,0,0
2024-06-21 22:36:00-04:00,0,0,0,0,0,0,0,0,0,0,0,0,0,0,0,0,0,0,1,1,1,1,0,0,1,0,0,0.0,0,0,0,0,0,2,0,0
2024-06-20 13:04:00-04:00,0,0,0,0,0,0,0,0,0,0,0,0,0,0,0,0,0,0,1,1,1,1,0,0,1,0,0,0.0,0,0,0,0,0,1,1,0
2024-06-18 22:55:00-04:00,0,2,0,0,0,0,0,0,0,0,0,0,0,0,0,0,1,1,1,0,1,0,0,0,1,0,0,0.0,0,0,0,0,0,2,0,2
2024-06-20 06:16:00-04:00,0,0,0,0,0,0,0,0,0,0,0,0,0,0,0,0,0,2,1,1,1,1,1,0,1,0,0,0.0,0,0,0,0,0,1,1,2
2024-06-18 14:48:00-04:00,0,0,0,0,0,0,0,0,0,0,0,0,0,0,0,0,1,1,0,0,0,0,0,0,1,0,0,0.0,0,0,0,0,0,2,0,0
2024-06-18 15:14:00-04:00,0,0,0,0,0,0,0,0,0,0,0,0,0,0,0,0,1,1,0,0,0,0,0,0,1,0,0,0.0,0,0,0,0,0,1,1,0
2024-06-18 21:03:00-04:00,0,0,0,0,0,0,0,0,0,2,0,0,0,0,0,1,0,2,0,0,0,0,1,0,1,0,0,0.0,0,0,0,2,0,1,1,2
2024-06-22 19:06:00-04:00,0,2,0,0,0,0,0,0,0,0,0,0,0,0,0,0,1,1,0,0,0,0,0,0,1,0,0,0.0,0,0,0,0,0,2,0,3
2024-06-20 23:48:00-04:00,0,2,0,0,0,0,0,0,0,0,0,0,0,0,0,0,0,0,1,1,1,1,0,0,1,0,0,0.0,0,0,0,0,0,2,1,0
2024-06-20 06:59:00-04:00,0,0,0,0,0,0,0,0,0,0,0,0,0,0,0,1,0,2,1,1,1,1,0,0,1,0,0,0.0,0,0,0,0,0,2,1,0
2024-06-21 11:26:00-04:00,0,2,1,0,0,0,0,0,0,0,0,0,0,0,0,0,1,1,1,1,1,1,0,0,1,0,0,0.0,0,0,0,0,0,2,0,3
2024-06-18 17:15:00-04:00,0,0,0,0,0,0,0,0,0,0,0,0,0,0,0,0,0,0,0,0,0,0,0,0,1,0,0,0.0,0,0,0,0,0,1,0,0
2024-06-22 17:48:00-04:00,0,2,0,0,0,0,0,0,1,1,0,0,0,0,0,0,1,1,0,0,0,0,0,0,1,0,0,0.0,0,0,0,0,0,2,0,0
2024-06-18 14:28:00-04:00,0,0,0,0,0,0,0,0,0,0,0,0,0,0,0,0,0,2,0,0,0,0,1,0,1,0,0,0.0,0,0,0,0,0,2,1,0
2024-06-20 01:28:00-04:00,0,0,0,0,0,0,0,0,0,0,0,0,0,0,0,0,1,1,1,1,1,0,0,0,1,0,0,0.0,0,0,0,0,0,2,0,0
2024-06-22 13:11:00-04:00,0,0,0,0,0,0,0,0,0,0,0,0,0,0,0,0,1,1,0,0,0,0,0,1,1,0,0,0.0,0,0,0,0,0,2,0,0
2024-06-22 01:11:00-04:00,0,0,0,0,0,0,0,0,0,0,0,0,0,0,0,0,1,1,0,0,0,0,0,0,1,0,0,0.0,0,0,0,0,0,1,1,0
2024-06-21 00:40:00-04:00,0,0,0,0,0,0,0,0,0,0,0,0,0,0,0,0,0,0,1,1,1,1,0,0,1,0,0,0.0,0,0,0,0,0,2,0,0
2024-06-19 20:06:00-04:00,0,0,0,0,0,0,0,0,0,0,0,0,0,0,0,0,1,1,0,0,0,0,0,0,1,0,0,0.0,0,1,1,0,0,2,0,0
2024-06-22 09:51:00-04:00,0,0,0,0,0,0,0,0,0,0,0,0,0,0,0,0,1,1,0,0,0,0,0,0,1,0,0,0.0,0,0,0,0,0,2,1,0
2024-06-20 17:58:00-04:00,0,0,0,0,0,0,0,0,0,0,0,0,0,0,0,0,0,2,1,1,1,1,1,0,1,0,0,0.0,0,0,0,0,0,1,1,2
2024-06-18 15:21:00-04:00,0,0,0,0,0,0,0,0,0,0,0,0,0,0,0,0,0,2,0,0,0,0,1,0,1,0,0,0.0,0,0,0,0,0,1,0,0
2024-06-21 11:06:00-04:00,0,0,0,0,0,0,0,0,0,0,0,0,0,0,0,0,0,0,1,1,1,1,0,0,1,0,0,0.0,0,0,0,0,0,1,0,0
2024-06-18 12:47:00-04:00,0,0,0,0,0,0,0,0,0,0,0,0,0,0,0,0,1,1,0,0,0,0,0,1,1,0,0,0.0,0,0,0,0,0,1,0,0
2024-06-21 09:01:00-04:00,0,0,0,0,0,0,0,0,0,0,0,0,0,0,0,0,1,1,1,1,1,1,0,0,1,0,0,0.0,0,0,0,0,0,1,0,0
2024-06-20 11:44:00-04:00,0,1,0,0,0,0,0,0,0,0,0,0,0,0,0,0,0,2,1,1,1,1,1,0,1,0,0,0.0,0,0,0,0,0,2,1,0
2024-06-20 19:10:00-04:00,0,0,0,0,0,0,0,0,0,0,0,0,0,0,0,0,1,1,1,1,1,1,0,0,1,0,0,0.0,0,1,1,0,0,1,0,0
2024-06-21 03:24:00-04:00,0,2,0,0,0,0,0,0,0,0,0,0,0,0,0,0,0,0,1,1,1,1,0,0,1,0,0,0.0,0,1,1,0,0,2,0,5
2024-06-21 18:20:00-04:00,0,2,0,0,0,0,0,0,0,0,0,0,0,0,0,0,1,1,1,1,1,1,0,0,1,0,0,0.0,0,0,0,0,0,1,0,3
2024-06-19 16:34:00-04:00,0,0,0,0,0,0,0,0,0,0,0,0,0,0,0,0,1,1,1,0,1,1,0,0,1,0,0,0.0,0,1,1,0,0,1,0,0
2024-06-21 22:27:00-04:00,0,0,0,0,0,0,0,0,0,0,0,0,0,0,0,0,0,0,1,1,1,1,0,0,1,0,0,0.0,0,0,0,0,0,1,0,0
2024-06-21 07:22:00-04:00,0,0,0,0,0,0,0,0,0,0,0,0,0,0,0,0,0,0,1,1,1,1,0,0,1,0,0,0.0,0,0,0,0,0,1,1,0
2024-06-22 05:36:00-04:00,0,0,0,0,0,0,0,0,0,0,0,0,0,0,0,0,1,1,0,0,0,0,0,0,1,0,0,0.0,0,0,0,0,0,2,1,0
2024-06-19 13:01:00-04:00,0,0,0,0,0,0,0,0,0,0,0,0,0,0,0,0,1,1,1,1,1,1,0,0,1,0,0,0.0,0,0,0,0,0,2,0,0
2024-06-21 10:50:00-04:00,0,0,0,0,0,0,0,0,0,0,0,0,0,0,0,0,0,0,1,1,1,1,0,0,1,0,0,0.0,0,0,0,0,0,1,0,0
2024-06-20 23:34:00-04:00,0,0,0,0,0,0,0,0,0,0,0,0,0,0,0,0,1,1,1,1,1,1,0,0,1,0,0,0.0,0,0,0,0,0,2,1,0
2024-06-21 09:51:00-04:00,0,2,0,0,0,0,0,0,0,0,0,0,0,0,0,0,1,1,1,1,1,1,0,1,1,0,0,0.0,0,0,0,1,0,1,0,5
2024-06-20 17:45:00-04:00,0,0,0,0,0,0,0,0,0,0,0,0,0,0,0,0,1,1,1,1,1,1,0,0,0,0,0,0.0,0,0,0,0,0,1,1,4
2024-06-22 06:25:00-04:00,0,0,0,0,0,0,0,0,0,0,0,0,0,0,0,0,1,1,0,0,0,0,0,0,1,0,0,0.0,0,0,0,0,0,1,1,0
2024-06-19 13:54:00-04:00,0,0,0,0,0,0,0,0,0,0,0,0,0,0,0,0,1,1,1,1,1,1,0,0,1,0,0,0.0,0,0,0,0,0,2,0,0
2024-06-18 14:44:00-04:00,0,1,0,0,0,0,0,0,0,0,0,0,0,0,0,1,0,2,0,0,0,0,0,0,1,0,0,0.0,0,0,0,0,0,2,1,1
2024-06-21 23:51:00-04:00,0,0,0,0,0,0,0,0,0,0,0,0,0,0,0,0,1,1,0,0,0,0,0,0,1,0,0,0.0,0,0,0,0,0,1,0,0
2024-06-18 21:30:00-04:00,0,0,0,0,0,0,0,0,0,0,0,0,0,0,0,0,1,1,0,0,1,0,0,0,1,0,0,0.0,0,0,0,0,0,2,0,0
2024-06-18 16:51:00-04:00,0,0,0,0,0,0,0,0,0,0,0,0,0,0,0,1,0,2,0,0,0,0,1,0,1,0,0,0.0,0,0,0,2,0,1,1,0
2024-06-22 12:03:00-04:00,0,0,0,0,0,0,0,0,0,0,0,0,0,0,0,0,1,1,0,0,0,0,0,0,1,0,0,0.0,0,0,0,0,0,2,0,0
2024-06-20 15:01:00-04:00,0,0,0,0,0,0,0,0,0,0,0,0,0,0,0,0,1,1,1,1,1,1,0,1,1,0,0,0.0,0,0,0,0,0,2,1,0
2024-06-18 23:43:00-04:00,0,0,0,0,0,0,0,0,0,0,0,0,0,0,2,0,0,0,1,0,1,0,0,0,0,0,0,0.0,1,0,0,0,0,1,1,0
2024-06-22 09:38:00-04:00,0,0,0,0,0,0,0,0,0,0,0,0,0,0,0,1,0,2,0,0,0,0,1,0,1,0,0,0.0,0,0,0,0,0,1,1,0
2024-06-18 14:52:00-04:00,0,0,0,0,0,0,0,0,0,0,0,0,0,0,0,0,1,1,0,0,0,0,0,0,1,0,0,0.0,0,0,0,0,0,1,0,0
2024-06-20 10:10:00-04:00,0,0,0,0,0,0,0,0,0,0,0,0,0,0,0,0,1,1,1,1,1,1,0,1,0,0,0,0.0,0,0,0,0,0,2,0,0
2024-06-20 04:00:00-04:00,0,0,0,0,0,0,0,0,0,0,0,0,0,0,0,1,0,2,1,1,1,1,0,0,1,0,0,0.0,0,0,0,0,0,1,1,0
2024-06-18 16:40:00-04:00,0,0,0,0,0,0,0,0,0,0,0,0,0,0,0,0,1,1,0,0,0,0,0,0,1,0,0,0.0,0,0,0,0,0,2,0,0
2024-06-18 19:40:00-04:00,0,2,0,0,0,0,0,0,0,0,0,0,0,0,0,0,1,1,0,0,0,0,0,0,1,0,0,0.0,0,0,0,0,0,1,0,2
2024-06-22 13:05:00-04:00,0,0,0,0,0,0,0,0,0,0,0,0,0,0,0,0,1,1,0,0,0,0,0,0,1,0,0,0.0,0,0,0,0,0,1,1,0
2024-06-21 08:02:00-04:00,0,1,0,0,0,0,0,0,0,0,0,0,0,0,0,0,0,2,1,1,1,1,1,0,1,0,0,0.0,0,2,1,0,0,2,1,2
2024-06-18 16:30:00-04:00,0,0,0,0,0,0,0,0,0,0,0,0,0,0,0,0,1,1,0,0,0,0,0,1,1,0,0,0.0,0,0,0,0,0,1,0,0
2024-06-22 08:27:00-04:00,0,0,0,0,0,0,0,0,0,0,0,0,0,0,0,0,0,0,0,0,0,0,0,0,1,0,0,0.0,0,0,0,0,0,2,0,0
2024-06-22 16:05:00-04:00,0,0,0,0,0,0,0,0,0,0,0,0,0,0,0,0,0,0,0,0,0,0,0,0,1,0,0,0.0,0,0,0,0,0,1,0,0
2024-06-23 07:31:00-04:00,0,0,0,0,0,0,0,0,0,0,0,0,0,0,0,0,0,0,0,0,0,0,0,0,0,0,0,0.0,0,0,0,0,0,2,1,0
2024-06-21 22:54:00-04:00,0,0,0,0,0,0,0,0,0,0,0,0,0,0,0,0,1,1,1,1,1,1,0,0,1,0,0,0.0,0,0,0,1,0,1,1,0
2024-06-21 21:45:00-04:00,0,0,0,0,0,0,0,0,0,0,0,0,0,0,0,0,0,0,1,1,1,1,0,0,1,0,0,0.0,0,0,0,0,0,2,0,0
2024-06-18 13:18:00-04:00,0,0,0,0,0,0,0,0,0,0,0,0,0,0,0,0,0,2,0,0,0,0,1,0,1,0,0,0.0,0,0,0,0,0,2,0,0
2024-06-22 07:04:00-04:00,0,0,0,0,0,0,0,0,0,0,0,0,0,0,0,0,1,1,0,0,0,0,0,0,1,0,0,0.0,0,0,0,0,0,1,0,0
2024-06-18 19:43:00-04:00,0,0,0,0,0,0,0,0,0,0,0,0,0,0,0,0,1,1,0,0,0,0,0,0,1,0,0,0.0,0,0,0,0,0,2,1,0
2024-06-23 05:14:00-04:00,0,1,0,0,0,0,0,0,0,0,0,0,0,0,0,1,0,2,0,0,0,0,1,0,1,0,0,0.0,0,0,0,0,0,2,1,0
2024-06-18 15:36:00-04:00,0,0,0,0,0,0,0,0,0,0,0,0,0,0,0,0,0,0,0,0,0,0,0,0,1,0,0,0.0,0,0,0,0,0,2,1,0
2024-06-22 18:54:00-04:00,0,0,0,0,0,0,0,0,0,0,0,0,0,0,0,0,1,1,0,0,0,0,0,0,1,0,0,0.0,0,0,0,0,0,1,1,0
2024-06-23 10:22:00-04:00,0,0,0,0,0,0,0,0,0,0,0,0,0,0,0,0,1,1,0,0,0,0,0,0,0,0,0,0.0,0,0,0,0,0,2,1,0
2024-06-19 22:52:00-04:00,0,0,0,0,0,0,0,0,0,0,0,0,0,0,0,0,1,1,0,0,1,0,0,0,1,0,0,0.0,0,0,0,0,0,2,1,0
2024-06-22 04:01:00-04:00,0,0,0,0,0,0,0,0,0,0,0,0,0,0,0,0,1,1,0,0,0,0,0,1,1,0,0,0.0,0,0,0,0,0,1,0,0
2024-06-22 10:13:00-04:00,0,2,0,0,0,0,0,0,0,0,0,0,0,0,0,0,1,1,0,0,0,0,0,0,1,0,0,0.0,0,0,0,0,0,1,0,3
2024-06-19 05:54:00-04:00,0,0,0,0,0,0,0,0,0,0,0,0,0,0,0,0,0,0,1,1,1,1,0,0,1,0,0,0.0,0,0,0,0,0,2,0,0
2024-06-23 01:42:00-04:00,0,0,0,0,0,0,0,0,0,0,0,0,0,0,0,0,1,1,0,0,0,0,0,0,1,0,0,0.0,0,0,0,0,0,1,1,0
2024-06-18 22:08:00-04:00,0,0,0,0,0,0,0,0,0,0,0,0,0,0,0,0,0,2,0,0,0,0,1,0,1,0,0,0.0,1,0,0,2,0,1,1,0
2024-06-22 19:53:00-04:00,0,0,0,0,0,0,0,0,0,0,0,0,0,0,0,0,0,0,0,0,0,0,0,0,1,0,0,0.0,0,0,0,0,0,1,1,0
2024-06-21 18:05:00-04:00,0,0,0,0,0,0,0,0,0,0,0,0,0,0,0,0,0,0,1,1,1,1,0,0,1,0,0,0.0,0,0,0,2,0,1,0,0
2024-06-19 00:02:00-04:00,0,0,0,0,0,0,0,0,0,0,0,0,0,0,0,0,1,1,1,0,1,0,0,0,1,0,0,0.0,0,0,0,0,0,1,1,2
2024-06-19 07:07:00-04:00,0,0,0,0,0,0,0,0,0,0,0,0,0,0,0,0,1,1,1,1,1,1,0,0,1,0,0,0.0,0,0,0,0,0,1,0,0
2024-06-19 07:33:00-04:00,0,0,0,0,0,0,0,0,0,0,0,0,0,0,0,0,1,1,1,1,1,1,0,1,1,0,0,0.0,1,0,0,0,0,2,0,0
2024-06-22 01:15:00-04:00,0,2,0,0,0,0,0,0,0,0,0,0,0,0,0,0,1,1,0,0,0,0,0,0,1,0,0,0.0,0,0,0,0,0,2,1,0
2024-06-20 13:35:00-04:00,0,0,0,0,0,0,0,0,0,0,0,0,0,0,0,0,0,0,1,1,1,1,0,0,1,0,0,0.0,0,0,0,0,0,1,0,0
2024-06-21 15:16:00-04:00,0,0,0,0,0,0,0,0,0,0,0,0,0,0,0,0,0,0,1,1,1,1,0,0,1,0,0,0.0,0,0,0,0,0,1,1,0
2024-06-23 08:10:00-04:00,0,0,0,0,0,0,0,0,0,0,0,0,0,0,0,0,1,1,0,0,0,0,0,0,1,0,0,0.0,0,1,1,0,0,2,0,0
2024-06-18 20:47:00-04:00,0,0,0,0,0,0,0,0,0,0,0,0,0,0,0,1,0,2,0,0,0,0,0,0,1,0,0,0.0,0,0,0,0,0,1,1,2
2024-06-22 20:59:00-04:00,0,0,0,0,0,0,0,0,0,2,0,0,0,0,0,0,1,1,0,0,0,0,0,0,1,0,0,0.0,0,0,0,0,0,2,1,0
2024-06-20 08:45:00-04:00,0,2,0,0,0,0,0,0,0,0,0,0,0,0,0,0,1,1,1,1,1,1,0,0,1,0,0,0.0,0,0,0,0,0,1,0,0
2024-06-23 05:31:00-04:00,0,0,0,0,0,0,0,0,0,0,0,0,0,0,0,0,1,1,0,0,0,0,0,1,1,0,0,0.0,0,0,0,0,0,1,0,0
2024-06-20 14:59:00-04:00,0,0,0,0,0,0,0,0,0,0,0,0,0,0,0,0,1,1,1,1,1,1,0,1,1,0,0,0.0,0,0,0,0,0,2,0,0
2024-06-19 02:19:00-04:00,0,0,0,0,0,0,0,0,0,0,0,0,0,0,0,0,0,0,1,1,1,1,0,0,1,0,0,0.0,1,0,0,0,0,2,0,0
2024-06-20 22:33:00-04:00,0,0,0,0,0,0,0,0,0,0,0,0,0,0,0,0,1,1,1,1,1,1,0,1,1,0,0,0.0,0,0,0,0,0,2,1,0
2024-06-20 10:53:00-04:00,0,0,0,0,0,0,0,0,0,0,0,0,0,0,0,0,0,0,1,1,1,1,0,0,1,0,0,0.0,0,0,0,0,0,1,0,0
2024-06-21 00:23:00-04:00,0,0,0,0,0,0,0,0,0,0,0,0,0,0,0,0,0,2,1,1,1,1,1,0,1,0,0,0.0,0,0,0,2,0,1,1,0
2024-06-21 00:59:00-04:00,0,0,0,0,0,0,0,0,0,0,0,0,0,0,0,0,0,2,1,1,1,1,1,0,1,0,0,0.0,0,0,0,0,0,2,1,0
2024-06-20 03:43:00-04:00,0,0,0,0,0,0,0,0,0,0,0,0,0,0,0,0,1,1,1,1,1,1,0,0,1,0,0,0.0,0,0,0,0,0,2,1,0
2024-06-22 13:45:00-04:00,0,0,0,0,0,0,0,0,0,0,0,0,0,0,0,0,0,0,0,0,0,0,0,0,1,0,0,0.0,0,0,0,0,0,1,1,0
2024-06-22 12:53:00-04:00,0,0,0,0,0,0,0,0,0,0,0,0,0,0,0,0,1,1,0,0,0,0,0,1,1,0,0,0.0,0,0,0,0,0,1,1,0
2024-06-22 20:45:00-04:00,0,0,0,0,0,0,0,0,0,2,0,0,0,0,0,0,0,0,0,0,0,0,0,0,1,0,0,0.0,0,0,0,0,0,1,0,0
2024-06-18 14:56:00-04:00,0,0,0,0,0,0,0,0,0,0,0,0,0,0,0,0,1,1,0,0,0,0,0,0,1,0,0,0.0,0,0,0,0,0,2,0,0
2024-06-21 12:24:00-04:00,0,0,0,0,0,0,0,0,0,0,0,0,0,0,0,0,1,1,1,1,1,1,0,1,1,0,0,0.0,0,1,1,0,0,1,0,0
2024-06-22 19:26:00-04:00,0,0,0,0,0,0,0,0,0,0,0,0,0,0,0,0,0,0,0,0,0,0,0,0,1,0,0,0.0,0,0,0,0,0,2,1,0
2024-06-21 17:24:00-04:00,0,0,0,0,0,0,0,0,0,0,0,0,0,0,0,0,1,1,1,1,1,1,0,1,1,0,0,0.0,0,0,0,0,0,1,1,0
2024-06-18 17:28:00-04:00,0,0,0,0,0,0,0,0,0,0,0,0,0,0,0,0,0,0,0,0,0,0,0,0,1,0,0,0.0,0,0,0,0,0,1,0,0
2024-06-21 00:11:00-04:00,0,0,0,0,0,0,0,0,0,0,0,0,0,0,0,0,0,0,1,1,1,1,0,0,0,0,0,0.0,0,0,0,0,0,2,1,0
2024-06-20 11:26:00-04:00,0,0,0,0,0,0,0,0,0,0,0,0,0,0,0,0,1,1,1,1,1,1,0,0,1,0,0,0.0,1,0,0,0,0,1,1,2
2024-06-19 17:00:00-04:00,0,0,0,0,0,0,0,0,0,0,0,0,0,0,0,0,0,0,1,0,1,0,0,0,1,0,0,0.0,0,0,0,0,0,1,0,0
2024-06-22 20:21:00-04:00,0,0,0,0,0,0,0,0,0,0,0,0,0,0,0,0,0,0,0,0,0,0,0,0,1,0,0,0.0,0,0,0,0,0,1,0,0
2024-06-20 11:20:00-04:00,0,0,0,0,0,0,0,0,0,0,0,0,0,0,0,0,1,1,1,1,1,1,0,0,1,0,0,0.0,0,0,0,0,0,1,1,0
2024-06-22 06:24:00-04:00,0,0,0,0,0,0,0,0,0,0,0,0,0,0,0,0,1,1,0,0,0,0,0,0,1,0,0,0.0,0,0,0,0,0,1,0,1
2024-06-18 13:20:00-04:00,0,0,0,0,0,0,0,0,0,0,0,0,0,0,0,0,1,2,0,0,0,0,1,0,1,0,0,0.0,0,0,0,0,0,2,0,0
2024-06-21 04:59:00-04:00,0,0,0,0,0,0,0,0,0,0,0,0,0,0,0,0,1,1,1,1,1,1,0,0,1,0,0,0.0,0,0,0,0,0,2,0,0
2024-06-20 04:06:00-04:00,0,0,0,0,0,0,0,0,0,0,0,0,0,0,0,0,0,0,1,1,1,1,0,0,1,0,0,0.0,0,0,0,0,0,1,0,0
2024-06-18 12:53:00-04:00,0,0,0,0,0,0,0,0,0,0,0,0,0,0,0,0,1,1,0,0,0,0,0,0,1,0,0,0.0,0,0,0,0,0,1,0,0
2024-06-22 06:43:00-04:00,0,0,0,0,0,0,0,0,0,0,0,0,0,0,0,0,0,2,0,0,0,0,1,0,1,0,0,0.0,0,0,0,0,0,1,1,0
2024-06-20 11:13:00-04:00,0,0,0,0,0,0,0,0,0,0,0,0,0,0,0,0,0,2,1,1,1,1,1,0,1,0,0,0.0,0,0,0,0,0,1,1,2
2024-06-21 10:19:00-04:00,0,0,0,0,0,0,0,0,0,0,0,0,0,0,0,0,0,2,1,1,1,1,1,0,1,0,0,0.0,0,0,0,0,0,2,0,0
2024-06-21 21:57:00-04:00,0,0,0,0,0,0,0,0,0,0,0,0,0,0,0,0,0,0,1,1,1,1,0,0,1,0,0,0.0,0,0,0,0,0,2,0,0
2024-06-22 21:50:00-04:00,0,0,0,0,0,0,0,0,0,0,0,0,0,0,0,0,0,0,0,0,0,0,0,0,1,0,0,0.0,0,0,0,0,0,2,1,0
2024-06-22 23:20:00-04:00,0,0,0,0,0,0,0,0,0,0,0,0,0,0,0,0,1,1,0,0,0,0,0,0,1,0,0,0.0,0,0,0,0,0,2,0,0
2024-06-19 07:58:00-04:00,0,0,0,0,0,0,0,0,0,0,0,0,0,0,0,1,0,2,1,1,1,1,0,0,1,0,0,0.0,1,0,0,0,0,1,1,0
2024-06-22 10:49:00-04:00,0,0,0,0,0,0,0,0,0,0,0,0,0,0,0,1,0,2,0,0,0,0,0,0,1,0,0,0.0,0,0,0,0,0,1,1,0
2024-06-22 18:58:00-04:00,0,0,0,0,0,0,0,0,0,0,0,0,0,0,0,0,1,1,0,0,0,0,0,0,1,0,0,0.0,0,0,0,0,0,2,0,0
2024-06-20 01:27:00-04:00,0,0,0,0,0,0,0,0,0,0,0,0,0,0,0,0,0,0,1,1,1,0,0,0,1,0,0,0.0,0,0,0,0,0,2,1,0
2024-06-22 11:55:00-04:00,0,0,0,0,0,0,0,0,0,0,0,0,0,0,0,0,0,0,0,0,0,0,0,0,0,0,0,0.0,0,0,0,0,0,1,0,0
2024-06-20 03:05:00-04:00,0,0,0,0,0,0,0,0,0,0,0,0,0,0,0,0,0,2,1,1,1,1,1,0,1,0,0,0.0,0,0,0,0,0,1,1,2
2024-06-20 02:00:00-04:00,0,0,0,0,0,0,0,0,0,0,0,0,0,0,0,0,0,2,1,1,1,0,1,0,1,0,0,0.0,0,0,0,2,0,1,1,0
2024-06-20 12:14:00-04:00,0,0,0,0,0,0,0,0,0,0,0,0,0,0,0,0,1,1,1,1,1,1,0,0,1,0,0,0.0,1,0,0,0,0,2,1,0
2024-06-21 01:01:00-04:00,0,0,0,0,0,0,0,0,0,0,0,0,0,0,0,0,0,2,1,1,1,1,1,0,1,0,0,0.0,0,0,0,0,0,1,0,0
2024-06-19 14:02:00-04:00,0,0,0,0,0,0,0,0,0,0,0,0,0,0,0,0,1,1,1,1,1,1,0,1,1,0,0,0.0,0,0,0,0,0,2,0,0
2024-06-22 17:22:00-04:00,0,0,0,0,0,0,0,0,0,0,0,0,0,0,0,0,0,0,0,0,0,0,0,0,1,0,0,0.0,0,0,0,0,0,1,1,0
2024-06-20 04:37:00-04:00,0,0,0,0,0,0,0,0,0,0,0,0,0,0,0,0,1,1,1,1,1,1,0,1,1,0,0,0.0,0,0,0,0,0,2,0,0
2024-06-21 17:16:00-04:00,0,0,0,0,0,0,0,0,0,0,0,0,0,0,0,0,1,1,1,1,1,1,0,0,1,0,0,0.0,0,1,1,0,0,2,0,0
2024-06-20 01:05:00-04:00,0,0,0,0,0,0,0,0,0,0,0,0,0,0,0,0,0,0,1,1,1,0,0,0,1,0,0,0.0,0,0,0,2,0,2,1,0
2024-06-22 00:00:00-04:00,0,2,0,0,0,0,0,0,0,0,0,0,0,0,0,0,1,1,0,0,0,0,0,0,0,0,0,0.0,0,1,1,0,0,2,0,3
2024-06-21 10:55:00-04:00,0,2,0,0,0,0,0,0,0,0,0,0,0,0,0,0,1,1,1,1,1,1,0,0,1,0,0,0.0,0,0,0,0,0,2,0,0
2024-06-21 23:50:00-04:00,0,2,0,0,0,0,0,0,0,0,0,1,0,0,0,0,1,1,0,0,0,0,0,0,1,0,0,0.0,0,0,0,0,0,1,1,0
2024-06-21 03:47:00-04:00,0,0,0,0,0,0,0,0,0,0,0,0,0,0,0,0,1,1,1,1,1,1,0,0,1,0,0,0.0,0,0,0,0,0,1,0,0
2024-06-21 03:48:00-04:00,0,0,0,0,0,0,0,0,0,0,0,0,0,0,0,0,1,1,1,1,1,1,0,0,1,0,0,0.0,0,0,0,0,0,1,1,0
2024-06-19 05:02:00-04:00,0,0,0,0,0,0,0,0,0,0,0,0,0,0,0,0,0,2,1,1,1,1,1,0,1,0,0,0.0,0,0,0,0,0,1,1,2
2024-06-19 14:15:00-04:00,0,0,0,0,0,0,0,0,0,0,0,0,0,0,0,0,0,0,1,1,1,1,0,0,1,0,0,0.0,0,0,0,0,0,2,1,0
2024-06-20 06:02:00-04:00,0,0,0,0,0,0,0,0,0,0,0,0,0,0,0,0,1,1,1,1,1,1,0,0,1,0,0,0.0,0,0,0,0,0,2,0,0
2024-06-21 06:46:00-04:00,0,0,0,0,0,0,0,0,0,0,0,0,0,0,0,0,1,1,1,1,1,1,0,0,1,0,0,0.0,0,0,0,0,0,1,0,0
2024-06-21 04:04:00-04:00,0,0,0,0,0,0,0,0,0,0,0,0,0,0,0,0,1,1,1,1,1,1,0,0,1,0,0,0.0,0,0,0,0,0,1,1,0
2024-06-20 06:31:00-04:00,0,0,0,0,0,0,0,0,0,0,0,0,0,0,0,0,0,0,1,1,1,1,0,0,1,0,0,0.0,0,0,0,0,0,1,1,0
2024-06-22 23:39:00-04:00,0,0,0,0,0,0,0,0,0,0,0,0,0,0,0,0,0,0,0,0,0,0,0,0,1,0,0,0.0,0,0,0,0,0,1,0,0
2024-06-18 21:53:00-04:00,0,0,0,0,0,0,0,0,0,0,0,0,0,0,0,0,1,1,0,0,0,0,0,0,1,0,0,0.0,0,0,0,0,0,1,1,2
2024-06-22 23:15:00-04:00,0,2,0,0,0,0,0,0,0,0,0,0,0,0,0,0,1,1,0,0,0,0,0,0,1,0,0,0.0,0,0,0,0,0,1,0,2
2024-06-23 03:44:00-04:00,0,1,0,0,0,0,0,0,0,0,0,0,0,0,0,0,0,0,0,0,0,0,0,0,1,0,0,0.0,0,2,1,0,0,2,1,0
2024-06-19 08:15:00-04:00,0,0,0,0,0,0,0,0,0,0,0,0,0,0,0,0,0,0,1,1,1,1,0,0,1,0,0,0.0,1,0,0,0,0,1,1,0
2024-06-19 05:52:00-04:00,0,1,0,0,0,0,0,0,0,0,0,0,0,0,0,1,0,2,1,1,1,1,0,0,1,0,0,0.0,1,0,0,0,0,2,1,1
2024-06-19 01:13:00-04:00,0,0,0,0,0,0,0,0,0,0,0,0,0,0,0,0,1,1,1,1,1,1,0,1,1,0,0,0.0,1,0,0,0,0,1,0,0
2024-06-19 14:33:00-04:00,0,0,0,0,0,0,0,0,0,0,0,0,0,0,0,0,1,1,1,1,1,1,0,0,1,0,0,0.0,0,0,0,0,0,2,0,0
2024-06-21 06:36:00-04:00,0,0,0,0,0,0,0,0,0,0,0,0,0,0,0,0,1,1,1,1,1,1,0,1,1,0,0,0.0,0,0,0,0,0,1,0,0
2024-06-20 07:35:00-04:00,0,0,0,0,0,0,0,0,0,0,0,0,0,0,0,0,1,1,1,1,1,1,0,0,1,0,0,0.0,0,0,0,0,0,2,1,0
2024-06-19 07:49:00-04:00,0,0,0,0,0,0,0,0,0,0,0,0,0,0,0,0,1,1,1,1,1,1,0,0,1,0,0,0.0,0,0,0,0,0,1,1,0
2024-06-22 18:51:00-04:00,0,2,0,0,0,0,0,0,0,0,0,0,0,0,0,0,1,1,0,0,0,0,0,0,1,0,0,0.0,0,1,1,0,0,2,0,4
2024-06-20 18:17:00-04:00,0,0,0,0,0,0,0,0,0,0,0,0,0,0,0,0,0,0,1,1,1,1,0,0,1,0,0,0.0,0,0,0,0,0,2,0,0
2024-06-21 22:02:00-04:00,0,0,0,0,0,0,0,0,0,0,0,0,0,0,0,0,0,0,1,1,1,1,0,0,1,0,0,0.0,0,0,0,0,0,1,1,0
2024-06-23 02:09:00-04:00,0,0,0,0,0,0,0,0,0,0,0,0,0,0,0,0,1,1,0,0,0,0,0,0,1,0,0,0.0,0,0,0,0,0,1,1,0
2024-06-18 16:14:00-04:00,0,0,0,0,0,0,0,0,0,0,0,0,0,0,0,0,0,0,0,0,0,0,0,0,1,0,0,0.0,0,0,0,0,0,1,1,0
2024-06-20 07:54:00-04:00,0,0,0,0,0,0,0,0,0,0,0,0,0,0,0,0,1,1,1,1,1,1,0,0,1,0,0,0.0,0,0,0,0,0,2,1,0
2024-06-18 23:16:00-04:00,0,2,0,0,0,0,0,0,0,0,0,0,0,0,0,0,1,1,0,0,1,0,0,1,1,0,0,0.0,0,0,0,0,0,2,0,0
2024-06-22 00:15:00-04:00,0,0,0,0,0,0,0,0,0,0,0,0,0,0,0,0,0,2,0,0,0,0,1,0,0,0,0,0.0,0,0,0,0,0,2,1,0
2024-06-21 10:46:00-04:00,0,0,0,0,0,0,0,0,0,0,0,0,0,0,0,0,0,0,1,1,1,1,0,0,1,0,0,0.0,0,2,1,0,0,1,1,1
2024-06-18 12:34:00-04:00,0,0,0,0,0,0,0,0,0,0,0,0,0,0,0,0,1,1,0,0,0,0,0,1,1,0,0,0.0,0,0,0,0,0,1,0,0
2024-06-20 00:51:00-04:00,0,0,0,0,0,0,0,0,0,0,0,0,0,0,0,0,0,0,1,1,1,0,0,0,1,0,0,0.0,1,0,0,0,0,1,1,2
2024-06-21 05:22:00-04:00,0,0,0,0,0,0,0,0,0,0,0,0,0,0,0,0,0,2,1,1,1,1,1,0,1,0,0,0.0,0,0,0,0,0,1,1,0
2024-06-18 12:02:00-04:00,0,0,0,0,0,0,0,0,0,0,0,0,0,0,0,0,1,1,0,0,0,0,0,0,1,0,0,0.0,0,0,0,1,0,2,0,0
2024-06-21 06:47:00-04:00,0,0,0,0,0,0,0,0,0,0,0,0,0,0,0,0,1,1,1,1,1,1,0,0,1,0,0,0.0,0,1,1,0,0,1,0,2
2024-06-22 04:34:00-04:00,0,0,0,0,0,0,0,0,0,0,0,0,0,0,0,0,1,1,0,0,0,0,0,0,1,0,0,0.0,0,0,0,0,0,1,1,0
2024-06-22 09:32:00-04:00,0,0,0,0,0,0,0,0,0,0,0,0,0,0,0,0,1,1,0,0,0,0,0,0,1,0,0,0.0,0,2,1,0,0,1,0,0
2024-06-23 00:46:00-04:00,0,0,0,0,0,0,0,0,0,0,0,0,0,0,0,0,1,1,0,0,0,0,0,0,1,0,0,0.0,0,0,0,0,0,2,1,0
2024-06-19 01:10:00-04:00,0,0,0,0,0,0,0,0,0,0,0,0,0,0,0,0,1,1,1,1,1,1,0,1,1,0,0,0.0,1,0,0,0,0,2,0,0
2024-06-20 02:51:00-04:00,0,0,0,0,0,0,0,0,1,0,0,0,0,0,0,0,1,1,1,1,1,1,0,1,1,0,0,0.0,0,0,0,0,0,2,0,1
2024-06-22 00:10:00-04:00,0,0,0,0,0,0,0,0,0,0,0,0,0,0,0,0,0,2,0,0,0,0,1,0,1,0,0,0.0,0,0,0,0,0,1,1,0
2024-06-20 12:39:00-04:00,0,0,0,0,0,0,0,0,0,0,0,0,0,0,0,1,0,2,1,1,1,1,0,0,1,0,0,0.0,0,0,0,0,0,1,1,0
2024-06-23 04:46:00-04:00,0,0,0,0,0,0,0,0,0,0,0,0,0,0,0,0,0,0,0,0,0,0,0,0,1,0,0,0.0,0,0,0,0,0,2,0,0
2024-06-18 21:21:00-04:00,0,0,0,0,0,0,0,0,0,0,0,0,0,0,0,0,0,0,1,0,1,0,0,0,1,0,0,0.0,0,0,0,0,0,1,0,0
2024-06-20 12:47:00-04:00,0,0,0,0,0,0,0,0,0,0,0,0,0,0,0,0,0,2,1,1,1,1,1,0,1,0,0,0.0,0,0,0,2,0,2,1,0
2024-06-19 01:16:00-04:00,0,0,0,0,0,0,0,0,0,0,0,0,0,0,0,0,1,1,1,1,1,1,0,1,1,0,0,0.0,1,0,0,1,0,1,0,0
2024-06-18 22:54:00-04:00,0,0,0,0,0,0,0,0,0,0,0,0,0,0,0,0,1,1,1,0,1,0,0,0,1,0,0,0.0,0,0,0,0,0,2,1,1
2024-06-18 19:04:00-04:00,0,0,0,0,0,0,0,0,0,0,0,0,0,0,0,0,0,2,0,0,0,0,1,0,1,0,0,0.0,0,0,0,0,0,2,1,0
2024-06-21 09:21:00-04:00,0,0,0,0,0,0,0,0,0,0,0,0,0,0,0,0,1,1,1,1,1,1,0,1,1,0,0,0.0,0,0,0,0,0,1,0,0
2024-06-22 01:16:00-04:00,0,0,0,0,0,0,0,0,0,0,0,0,0,0,0,0,1,1,0,0,0,0,0,0,1,0,0,0.0,0,0,0,0,0,2,1,0
2024-06-19 14:40:00-04:00,0,0,0,0,0,0,0,0,0,0,0,0,0,0,0,0,1,1,1,1,1,1,0,0,1,0,0,0.0,0,0,0,0,0,1,1,0
2024-06-21 16:00:00-04:00,0,0,0,0,0,0,0,0,0,0,0,0,0,0,0,0,0,0,1,1,1,1,0,0,1,0,0,0.0,0,2,1,0,0,2,1,0
2024-06-20 09:54:00-04:00,0,0,0,0,0,0,0,0,0,0,0,0,0,0,0,0,1,1,1,1,1,1,0,0,1,0,0,0.0,0,0,0,0,0,2,1,0
2024-06-21 04:05:00-04:00,0,0,0,0,0,0,0,0,0,0,0,0,0,0,0,0,0,0,1,1,1,1,0,0,1,0,0,0.0,0,0,0,0,0,1,0,0
2024-06-20 10:03:00-04:00,0,0,0,0,0,0,0,0,0,0,0,0,0,0,0,0,1,1,1,1,1,1,0,1,1,0,0,0.0,0,0,0,0,0,2,0,0
2024-06-20 19:24:00-04:00,0,0,0,0,0,0,0,0,0,0,0,0,0,0,0,0,1,1,1,1,1,1,0,0,1,0,0,0.0,0,0,0,1,0,2,0,5
2024-06-23 01:32:00-04:00,0,0,0,0,0,0,0,0,0,0,0,0,0,0,0,0,1,1,0,0,0,0,0,0,1,0,0,0.0,0,0,0,0,0,1,1,0
2024-06-19 06:33:00-04:00,0,0,0,0,0,0,0,0,0,0,0,0,0,0,0,1,0,2,1,1,1,1,1,0,1,0,0,0.0,0,0,0,2,0,1,1,0
2024-06-19 01:31:00-04:00,0,0,0,0,0,0,0,0,0,0,0,0,0,0,0,1,0,2,1,1,1,1,1,0,1,0,0,0.0,0,0,0,0,0,1,1,0
2024-06-22 18:28:00-04:00,0,0,0,0,0,0,0,0,0,0,0,0,0,0,0,1,0,2,0,0,0,0,1,0,1,0,0,0.0,0,0,0,0,0,2,1,0
2024-06-19 18:33:00-04:00,0,0,0,0,0,0,0,0,0,0,0,0,0,0,0,0,1,1,1,1,1,1,0,0,1,0,0,0.0,0,0,0,0,0,2,0,0
2024-06-20 07:07:00-04:00,0,0,0,0,0,0,0,0,0,0,0,0,0,0,0,0,0,2,1,1,1,1,1,0,0,0,0,0.0,0,0,0,0,0,1,1,2
2024-06-22 06:30:00-04:00,0,0,0,0,0,0,0,0,0,0,0,0,0,0,0,0,1,1,0,0,0,0,0,0,1,0,0,0.0,0,0,0,0,0,2,1,0
2024-06-23 07:45:00-04:00,0,0,0,0,0,0,0,0,0,0,0,0,0,0,0,0,0,0,0,0,0,0,0,0,1,0,0,0.0,0,0,0,0,0,1,1,0
2024-06-20 18:03:00-04:00,0,0,0,0,0,0,0,0,0,0,0,0,0,0,0,0,0,0,1,1,1,1,0,0,1,0,0,0.0,0,0,0,2,0,2,0,5
2024-06-21 05:32:00-04:00,0,0,0,0,0,0,0,0,0,0,0,0,0,0,0,0,0,0,1,1,1,1,0,0,1,0,0,0.0,0,0,0,0,0,2,0,0
2024-06-21 05:54:00-04:00,0,0,0,0,0,0,0,0,0,0,0,0,0,0,0,0,1,1,1,1,1,1,0,0,1,0,0,0.0,0,0,0,0,0,2,0,0
2024-06-20 08:34:00-04:00,0,0,0,0,0,0,0,0,0,0,0,0,0,0,0,0,1,1,1,1,1,1,0,0,1,0,0,0.0,0,0,0,0,0,1,0,0
2024-06-21 19:40:00-04:00,0,0,0,0,0,0,0,0,0,0,0,0,0,0,0,0,1,1,1,1,1,1,0,0,1,0,0,0.0,0,0,0,0,0,1,1,0
2024-06-23 03:45:00-04:00,0,0,0,0,0,0,0,0,0,0,0,0,0,0,0,0,1,1,0,0,0,0,0,0,1,0,0,0.0,0,0,0,0,0,2,0,0
2024-06-19 07:47:00-04:00,0,0,0,0,0,0,0,0,0,0,0,0,0,0,0,0,1,1,1,1,1,1,0,0,1,0,0,0.0,0,0,0,0,0,1,1,0
2024-06-23 03:05:00-04:00,0,2,0,0,0,0,0,0,0,0,0,0,0,0,0,0,0,0,0,0,0,0,0,0,1,0,0,0.0,0,1,1,0,0,2,1,2
2024-06-19 21:47:00-04:00,0,0,0,0,0,0,0,0,0,0,0,0,0,0,0,0,1,1,1,1,1,1,0,0,1,0,0,0.0,1,0,0,0,0,2,0,2
2024-06-19 20:23:00-04:00,0,0,0,0,0,0,0,0,0,0,0,0,0,0,0,0,1,1,0,0,1,0,0,0,1,0,0,0.0,0,0,0,0,0,2,0,0
2024-06-20 11:02:00-04:00,0,0,0,0,0,0,0,0,0,0,0,0,0,0,0,1,0,2,1,1,1,1,1,0,1,0,0,0.0,0,0,0,0,0,1,1,0
2024-06-18 19:11:00-04:00,0,0,0,0,0,0,0,0,0,0,0,0,0,0,0,0,0,0,0,0,0,0,0,0,1,0,0,0.0,0,0,0,0,0,2,1,0
